-- phpMyAdmin SQL Dump
-- version 4.8.3
-- https://www.phpmyadmin.net/
--
-- Host: localhost:3306
-- Generation Time: Jun 20, 2019 at 05:24 PM
-- Server version: 10.1.40-MariaDB-cll-lve
-- PHP Version: 7.2.7

SET SQL_MODE = "NO_AUTO_VALUE_ON_ZERO";
SET AUTOCOMMIT = 0;
START TRANSACTION;
SET time_zone = "+00:00";


/*!40101 SET @OLD_CHARACTER_SET_CLIENT=@@CHARACTER_SET_CLIENT */;
/*!40101 SET @OLD_CHARACTER_SET_RESULTS=@@CHARACTER_SET_RESULTS */;
/*!40101 SET @OLD_COLLATION_CONNECTION=@@COLLATION_CONNECTION */;
/*!40101 SET NAMES utf8mb4 */;

--
-- Database: `garukgar_alazhar`
--

-- --------------------------------------------------------

--
-- Table structure for table `absensi_guru`
--

CREATE TABLE `absensi_guru` (
  `id_absensi_guru` int(11) NOT NULL,
  `kode_absensi` varchar(100) NOT NULL,
  `nama` varchar(255) DEFAULT NULL,
  `jenis` varchar(100) DEFAULT NULL,
  `timestamp` datetime DEFAULT NULL,
  `min` int(11) NOT NULL,
  `max` int(11) NOT NULL,
  `created_at` datetime DEFAULT NULL,
  `updated_at` datetime DEFAULT NULL
) ENGINE=InnoDB DEFAULT CHARSET=latin1;

--
-- Dumping data for table `absensi_guru`
--

INSERT INTO `absensi_guru` (`id_absensi_guru`, `kode_absensi`, `nama`, `jenis`, `timestamp`, `min`, `max`, `created_at`, `updated_at`) VALUES
(1, '090', 'Wheni Marifatus Shol', 'in', '2019-03-21 06:53:00', 0, 0, '2019-06-13 09:45:43', '2019-06-13 09:45:43'),
(2, '090', 'Wheni Marifatus Shol', 'in', '2019-03-22 06:56:00', 0, 0, '2019-06-13 09:45:43', '2019-06-13 09:45:43'),
(3, '090', 'Wheni Marifatus Shol', 'in', '2019-03-25 06:39:00', 0, 0, '2019-06-13 09:45:43', '2019-06-13 09:45:43'),
(4, '090', 'Wheni Marifatus Shol', 'in', '2019-03-26 06:50:00', 0, 0, '2019-06-13 09:45:43', '2019-06-13 09:45:43'),
(5, '090', 'Wheni Marifatus Shol', 'in', '2019-03-27 06:30:00', 0, 0, '2019-06-13 09:45:43', '2019-06-13 09:45:43'),
(6, '090', 'Wheni Marifatus Shol', 'in', '2019-03-28 06:45:00', 0, 0, '2019-06-13 09:45:43', '2019-06-13 09:45:43'),
(7, '090', 'Wheni Marifatus Shol', 'in', '2019-03-29 06:44:00', 0, 0, '2019-06-13 09:45:43', '2019-06-13 09:45:43'),
(8, '090', 'Wheni Marifatus Shol', 'out', '2019-03-30 06:44:00', 0, 0, '2019-06-13 09:45:43', '2019-06-13 09:45:43'),
(9, '090', 'Wheni Marifatus Shol', 'out', '2019-03-30 06:45:00', 0, 0, '2019-06-13 09:45:43', '2019-06-13 09:45:43'),
(10, '090', 'Wheni Marifatus Shol', 'out', '2019-03-30 14:39:00', 0, 1, '2019-06-13 09:45:43', '2019-06-13 09:45:43'),
(11, '090', 'Wheni Marifatus Shol', 'out', '2019-03-30 14:39:00', 0, 1, '2019-06-13 09:45:43', '2019-06-13 09:45:43'),
(12, '090', 'Wheni Marifatus Shol', 'in', '2019-04-01 06:47:00', 0, 0, '2019-06-13 09:45:43', '2019-06-13 09:45:43'),
(13, '090', 'Wheni Marifatus Shol', 'in', '2019-04-02 06:53:00', 0, 0, '2019-06-13 09:45:43', '2019-06-13 09:45:43'),
(14, '090', 'Wheni Marifatus Shol', 'in', '2019-04-03 07:54:00', 0, 1, '2019-06-13 09:45:43', '2019-06-13 09:45:43'),
(15, '090', 'Wheni Marifatus Shol', 'in', '2019-04-04 06:47:00', 0, 0, '2019-06-13 09:45:43', '2019-06-13 09:45:43'),
(16, '090', 'Wheni Marifatus Shol', 'in', '2019-04-05 06:56:00', 0, 0, '2019-06-13 09:45:43', '2019-06-13 09:45:43'),
(17, '090', 'Wheni Marifatus Shol', 'in', '2019-04-08 06:38:00', 0, 0, '2019-06-13 09:45:43', '2019-06-13 09:45:43'),
(18, '090', 'Wheni Marifatus Shol', 'in', '2019-04-09 06:49:00', 0, 0, '2019-06-13 09:45:43', '2019-06-13 09:45:43'),
(19, '090', 'Wheni Marifatus Shol', 'in', '2019-04-10 06:49:00', 0, 0, '2019-06-13 09:45:43', '2019-06-13 09:45:43'),
(20, '090', 'Wheni Marifatus Shol', 'in', '2019-04-11 06:50:00', 0, 0, '2019-06-13 09:45:43', '2019-06-13 09:45:43'),
(21, '090', 'Wheni Marifatus Shol', 'in', '2019-04-12 06:52:00', 0, 0, '2019-06-13 09:45:43', '2019-06-13 09:45:43'),
(22, '090', 'Wheni Marifatus Shol', 'in', '2019-04-13 06:58:00', 0, 0, '2019-06-13 09:45:43', '2019-06-13 09:45:43'),
(23, '090', 'Wheni Marifatus Shol', 'in', '2019-04-15 06:51:00', 0, 0, '2019-06-13 09:45:43', '2019-06-13 09:45:43'),
(24, '090', 'Wheni Marifatus Shol', 'in', '2019-04-16 06:55:00', 0, 0, '2019-06-13 09:45:43', '2019-06-13 09:45:43'),
(25, '091', 'Ferina Widya Wiyanti', 'in', '2019-03-21 06:53:00', 0, 0, '2019-06-13 09:45:43', '2019-06-13 09:45:43'),
(26, '091', 'Ferina Widya Wiyanti', 'in', '2019-03-22 06:56:00', 0, 0, '2019-06-13 09:45:43', '2019-06-13 09:45:43'),
(27, '091', 'Ferina Widya Wiyanti', 'in', '2019-03-25 06:39:00', 0, 0, '2019-06-13 09:45:43', '2019-06-13 09:45:43'),
(28, '091', 'Ferina Widya Wiyanti', 'in', '2019-03-26 06:50:00', 0, 0, '2019-06-13 09:45:43', '2019-06-13 09:45:43'),
(29, '091', 'Ferina Widya Wiyanti', 'in', '2019-03-27 06:30:00', 0, 0, '2019-06-13 09:45:43', '2019-06-13 09:45:43'),
(30, '091', 'Ferina Widya Wiyanti', 'in', '2019-03-28 06:45:00', 0, 0, '2019-06-13 09:45:43', '2019-06-13 09:45:43'),
(31, '091', 'Ferina Widya Wiyanti', 'in', '2019-03-29 06:44:00', 0, 0, '2019-06-13 09:45:43', '2019-06-13 09:45:43'),
(32, '091', 'Ferina Widya Wiyanti', 'out', '2019-03-30 06:44:00', 0, 0, '2019-06-13 09:45:43', '2019-06-13 09:45:43'),
(33, '091', 'Ferina Widya Wiyanti', 'out', '2019-03-30 06:44:00', 0, 0, '2019-06-13 09:45:43', '2019-06-13 09:45:43'),
(34, '091', 'Ferina Widya Wiyanti', 'out', '2019-03-30 14:39:00', 0, 1, '2019-06-13 09:45:43', '2019-06-13 09:45:43'),
(35, '091', 'Ferina Widya Wiyanti', 'in', '2019-04-01 06:47:00', 0, 0, '2019-06-13 09:45:43', '2019-06-13 09:45:43'),
(36, '091', 'Ferina Widya Wiyanti', 'in', '2019-04-02 06:52:00', 0, 0, '2019-06-13 09:45:43', '2019-06-13 09:45:43'),
(37, '091', 'Ferina Widya Wiyanti', 'in', '2019-04-04 06:48:00', 0, 0, '2019-06-13 09:45:43', '2019-06-13 09:45:43'),
(38, '091', 'Ferina Widya Wiyanti', 'in', '2019-04-05 06:56:00', 0, 0, '2019-06-13 09:45:43', '2019-06-13 09:45:43'),
(39, '091', 'Ferina Widya Wiyanti', 'in', '2019-04-06 07:13:00', 0, 1, '2019-06-13 09:45:43', '2019-06-13 09:45:43'),
(40, '091', 'Ferina Widya Wiyanti', 'in', '2019-04-08 06:37:00', 0, 0, '2019-06-13 09:45:43', '2019-06-13 09:45:43'),
(41, '091', 'Ferina Widya Wiyanti', 'in', '2019-04-09 06:49:00', 0, 0, '2019-06-13 09:45:43', '2019-06-13 09:45:43'),
(42, '091', 'Ferina Widya Wiyanti', 'in', '2019-04-10 06:49:00', 0, 0, '2019-06-13 09:45:43', '2019-06-13 09:45:43'),
(43, '091', 'Ferina Widya Wiyanti', 'in', '2019-04-11 06:50:00', 0, 0, '2019-06-13 09:45:43', '2019-06-13 09:45:43'),
(44, '091', 'Ferina Widya Wiyanti', 'in', '2019-04-12 06:52:00', 0, 0, '2019-06-13 09:45:43', '2019-06-13 09:45:43'),
(45, '091', 'Ferina Widya Wiyanti', 'in', '2019-04-13 06:58:00', 0, 0, '2019-06-13 09:45:43', '2019-06-13 09:45:43'),
(46, '091', 'Ferina Widya Wiyanti', 'in', '2019-04-15 06:51:00', 0, 0, '2019-06-13 09:45:43', '2019-06-13 09:45:43'),
(47, '091', 'Ferina Widya Wiyanti', 'in', '2019-04-16 06:55:00', 0, 0, '2019-06-13 09:45:43', '2019-06-13 09:45:43'),
(48, '202', 'Agung Yuliana', 'in', '2019-03-21 06:21:00', 0, 0, '2019-06-13 09:45:43', '2019-06-13 09:45:43'),
(49, '202', 'Agung Yuliana', 'in', '2019-03-22 06:49:00', 0, 0, '2019-06-13 09:45:43', '2019-06-13 09:45:43'),
(50, '202', 'Agung Yuliana', 'in', '2019-03-25 06:30:00', 0, 0, '2019-06-13 09:45:43', '2019-06-13 09:45:43'),
(51, '202', 'Agung Yuliana', 'in', '2019-03-26 06:38:00', 0, 0, '2019-06-13 09:45:43', '2019-06-13 09:45:43'),
(52, '202', 'Agung Yuliana', 'in', '2019-03-27 06:23:00', 0, 0, '2019-06-13 09:45:43', '2019-06-13 09:45:43'),
(53, '202', 'Agung Yuliana', 'in', '2019-03-28 06:41:00', 0, 0, '2019-06-13 09:45:43', '2019-06-13 09:45:43'),
(54, '202', 'Agung Yuliana', 'in', '2019-03-29 06:45:00', 0, 0, '2019-06-13 09:45:43', '2019-06-13 09:45:43'),
(55, '202', 'Agung Yuliana', 'out', '2019-03-30 06:39:00', 0, 0, '2019-06-13 09:45:43', '2019-06-13 09:45:43'),
(56, '202', 'Agung Yuliana', 'out', '2019-03-30 15:12:00', 0, 1, '2019-06-13 09:45:43', '2019-06-13 09:45:43'),
(57, '202', 'Agung Yuliana', 'in', '2019-04-01 06:38:00', 0, 0, '2019-06-13 09:45:43', '2019-06-13 09:45:43'),
(58, '202', 'Agung Yuliana', 'in', '2019-04-02 06:48:00', 0, 0, '2019-06-13 09:45:43', '2019-06-13 09:45:43'),
(59, '202', 'Agung Yuliana', 'in', '2019-04-04 06:40:00', 0, 0, '2019-06-13 09:45:43', '2019-06-13 09:45:43'),
(60, '202', 'Agung Yuliana', 'in', '2019-04-05 06:59:00', 0, 0, '2019-06-13 09:45:43', '2019-06-13 09:45:43'),
(61, '202', 'Agung Yuliana', 'in', '2019-04-08 06:41:00', 0, 0, '2019-06-13 09:45:43', '2019-06-13 09:45:43'),
(62, '202', 'Agung Yuliana', 'in', '2019-04-09 06:40:00', 0, 0, '2019-06-13 09:45:43', '2019-06-13 09:45:43'),
(63, '202', 'Agung Yuliana', 'in', '2019-04-10 06:57:00', 0, 0, '2019-06-13 09:45:43', '2019-06-13 09:45:43'),
(64, '202', 'Agung Yuliana', 'in', '2019-04-11 06:39:00', 0, 0, '2019-06-13 09:45:43', '2019-06-13 09:45:43'),
(65, '202', 'Agung Yuliana', 'in', '2019-04-12 06:50:00', 0, 0, '2019-06-13 09:45:43', '2019-06-13 09:45:43'),
(66, '202', 'Agung Yuliana', 'in', '2019-04-13 06:55:00', 0, 0, '2019-06-13 09:45:43', '2019-06-13 09:45:43'),
(67, '202', 'Agung Yuliana', 'in', '2019-04-15 06:39:00', 0, 0, '2019-06-13 09:45:43', '2019-06-13 09:45:43'),
(68, '202', 'Agung Yuliana', 'in', '2019-04-16 06:37:00', 0, 0, '2019-06-13 09:45:43', '2019-06-13 09:45:43'),
(69, '202', 'Agung Yuliana', 'in', '2019-04-18 06:56:00', 0, 0, '2019-06-13 09:45:43', '2019-06-13 09:45:43'),
(70, '202', 'Agung Yuliana', 'out', '2019-04-20 07:23:00', 0, 1, '2019-06-13 09:45:43', '2019-06-13 09:45:43'),
(71, '202', 'Agung Yuliana', 'out', '2019-04-20 15:23:00', 0, 1, '2019-06-13 09:45:43', '2019-06-13 09:45:43'),
(72, '211', 'Sifa Al Huda', 'in', '2019-03-21 07:00:00', 0, 0, '2019-06-13 09:45:43', '2019-06-13 09:45:43'),
(73, '211', 'Sifa Al Huda', 'in', '2019-03-22 07:01:00', 1, 0, '2019-06-13 09:45:43', '2019-06-13 09:45:43'),
(74, '211', 'Sifa Al Huda', 'in', '2019-03-25 08:03:00', 0, 1, '2019-06-13 09:45:43', '2019-06-13 09:45:43'),
(75, '211', 'Sifa Al Huda', 'in', '2019-03-26 06:58:00', 0, 0, '2019-06-13 09:45:43', '2019-06-13 09:45:43'),
(76, '211', 'Sifa Al Huda', 'in', '2019-03-27 07:08:00', 0, 1, '2019-06-13 09:45:43', '2019-06-13 09:45:43'),
(77, '211', 'Sifa Al Huda', 'in', '2019-03-28 07:06:00', 0, 1, '2019-06-13 09:45:43', '2019-06-13 09:45:43'),
(78, '211', 'Sifa Al Huda', 'in', '2019-03-29 07:00:00', 0, 0, '2019-06-13 09:45:43', '2019-06-13 09:45:43'),
(79, '211', 'Sifa Al Huda', 'out', '2019-03-30 07:17:00', 0, 1, '2019-06-13 09:45:43', '2019-06-13 09:45:43'),
(80, '211', 'Sifa Al Huda', 'out', '2019-03-30 13:53:00', 0, 1, '2019-06-13 09:45:43', '2019-06-13 09:45:43'),
(81, '211', 'Sifa Al Huda', 'in', '2019-04-01 06:59:00', 0, 0, '2019-06-13 09:45:43', '2019-06-13 09:45:43'),
(82, '211', 'Sifa Al Huda', 'in', '2019-04-02 06:57:00', 0, 0, '2019-06-13 09:45:43', '2019-06-13 09:45:43'),
(83, '211', 'Sifa Al Huda', 'in', '2019-04-04 06:45:00', 0, 0, '2019-06-13 09:45:43', '2019-06-13 09:45:43'),
(84, '211', 'Sifa Al Huda', 'in', '2019-04-05 06:59:00', 0, 0, '2019-06-13 09:45:43', '2019-06-13 09:45:43'),
(85, '211', 'Sifa Al Huda', 'in', '2019-04-06 07:30:00', 0, 1, '2019-06-13 09:45:43', '2019-06-13 09:45:43'),
(86, '211', 'Sifa Al Huda', 'in', '2019-04-08 06:48:00', 0, 0, '2019-06-13 09:45:43', '2019-06-13 09:45:43'),
(87, '211', 'Sifa Al Huda', 'in', '2019-04-09 06:41:00', 0, 0, '2019-06-13 09:45:43', '2019-06-13 09:45:43'),
(88, '211', 'Sifa Al Huda', 'in', '2019-04-10 06:58:00', 0, 0, '2019-06-13 09:45:43', '2019-06-13 09:45:43'),
(89, '211', 'Sifa Al Huda', 'in', '2019-04-11 06:58:00', 0, 0, '2019-06-13 09:45:43', '2019-06-13 09:45:43'),
(90, '211', 'Sifa Al Huda', 'in', '2019-04-12 07:00:00', 0, 0, '2019-06-13 09:45:43', '2019-06-13 09:45:43'),
(91, '211', 'Sifa Al Huda', 'in', '2019-04-13 07:12:00', 0, 1, '2019-06-13 09:45:43', '2019-06-13 09:45:43'),
(92, '211', 'Sifa Al Huda', 'in', '2019-04-15 06:59:00', 0, 0, '2019-06-13 09:45:43', '2019-06-13 09:45:43'),
(93, '211', 'Sifa Al Huda', 'in', '2019-04-16 06:52:00', 0, 0, '2019-06-13 09:45:43', '2019-06-13 09:45:43'),
(94, '412', 'Suyatno', 'in', '2019-03-21 05:57:00', 0, 0, '2019-06-13 09:45:43', '2019-06-13 09:45:43'),
(95, '412', 'Suyatno', 'in', '2019-03-22 05:56:00', 0, 0, '2019-06-13 09:45:43', '2019-06-13 09:45:43'),
(96, '412', 'Suyatno', 'in', '2019-03-25 05:54:00', 0, 0, '2019-06-13 09:45:43', '2019-06-13 09:45:43'),
(97, '412', 'Suyatno', 'in', '2019-03-26 05:56:00', 0, 0, '2019-06-13 09:45:43', '2019-06-13 09:45:43'),
(98, '412', 'Suyatno', 'in', '2019-03-27 05:56:00', 0, 0, '2019-06-13 09:45:43', '2019-06-13 09:45:43'),
(99, '412', 'Suyatno', 'in', '2019-03-28 05:56:00', 0, 0, '2019-06-13 09:45:43', '2019-06-13 09:45:43'),
(100, '412', 'Suyatno', 'in', '2019-03-29 05:55:00', 0, 0, '2019-06-13 09:45:43', '2019-06-13 09:45:43'),
(101, '412', 'Suyatno', 'in', '2019-03-30 05:57:00', 0, 0, '2019-06-13 09:45:43', '2019-06-13 09:45:43'),
(102, '412', 'Suyatno', 'in', '2019-04-01 05:56:00', 0, 0, '2019-06-13 09:45:43', '2019-06-13 09:45:43'),
(103, '412', 'Suyatno', 'in', '2019-04-02 05:57:00', 0, 0, '2019-06-13 09:45:43', '2019-06-13 09:45:43'),
(104, '412', 'Suyatno', 'in', '2019-04-04 05:56:00', 0, 0, '2019-06-13 09:45:43', '2019-06-13 09:45:43'),
(105, '412', 'Suyatno', 'in', '2019-04-05 05:57:00', 0, 0, '2019-06-13 09:45:43', '2019-06-13 09:45:43'),
(106, '412', 'Suyatno', 'in', '2019-04-08 05:57:00', 0, 0, '2019-06-13 09:45:43', '2019-06-13 09:45:43'),
(107, '412', 'Suyatno', 'in', '2019-04-09 05:57:00', 0, 0, '2019-06-13 09:45:43', '2019-06-13 09:45:43'),
(108, '412', 'Suyatno', 'in', '2019-04-10 05:57:00', 0, 0, '2019-06-13 09:45:43', '2019-06-13 09:45:43'),
(109, '412', 'Suyatno', 'in', '2019-04-11 05:57:00', 0, 0, '2019-06-13 09:45:43', '2019-06-13 09:45:43'),
(110, '412', 'Suyatno', 'in', '2019-04-12 05:56:00', 0, 0, '2019-06-13 09:45:43', '2019-06-13 09:45:43'),
(111, '412', 'Suyatno', 'in', '2019-04-13 05:57:00', 0, 0, '2019-06-13 09:45:43', '2019-06-13 09:45:43'),
(112, '412', 'Suyatno', 'in', '2019-04-15 05:57:00', 0, 0, '2019-06-13 09:45:43', '2019-06-13 09:45:43'),
(113, '412', 'Suyatno', 'in', '2019-04-16 05:55:00', 0, 0, '2019-06-13 09:45:43', '2019-06-13 09:45:43'),
(114, '412', 'Suyatno', 'in', '2019-04-18 05:56:00', 0, 0, '2019-06-13 09:45:43', '2019-06-13 09:45:43'),
(115, '552', 'Nenyn Sudarianti', 'in', '2019-03-21 06:51:00', 0, 0, '2019-06-13 09:45:43', '2019-06-13 09:45:43'),
(116, '552', 'Nenyn Sudarianti', 'in', '2019-03-22 06:55:00', 0, 0, '2019-06-13 09:45:43', '2019-06-13 09:45:43'),
(117, '552', 'Nenyn Sudarianti', 'in', '2019-03-25 06:55:00', 0, 0, '2019-06-13 09:45:43', '2019-06-13 09:45:43'),
(118, '552', 'Nenyn Sudarianti', 'in', '2019-03-26 06:50:00', 0, 0, '2019-06-13 09:45:43', '2019-06-13 09:45:43'),
(119, '552', 'Nenyn Sudarianti', 'in', '2019-03-27 06:55:00', 0, 0, '2019-06-13 09:45:43', '2019-06-13 09:45:43'),
(120, '552', 'Nenyn Sudarianti', 'in', '2019-03-28 06:56:00', 0, 0, '2019-06-13 09:45:43', '2019-06-13 09:45:43'),
(121, '552', 'Nenyn Sudarianti', 'in', '2019-03-29 06:55:00', 0, 0, '2019-06-13 09:45:43', '2019-06-13 09:45:43'),
(122, '552', 'Nenyn Sudarianti', 'out', '2019-03-30 07:05:00', 1, 0, '2019-06-13 09:45:43', '2019-06-13 09:45:43'),
(123, '552', 'Nenyn Sudarianti', 'out', '2019-03-30 07:05:00', 1, 0, '2019-06-13 09:45:43', '2019-06-13 09:45:43'),
(124, '552', 'Nenyn Sudarianti', 'out', '2019-03-30 07:05:00', 1, 0, '2019-06-13 09:45:43', '2019-06-13 09:45:43'),
(125, '552', 'Nenyn Sudarianti', 'out', '2019-03-30 15:24:00', 0, 1, '2019-06-13 09:45:43', '2019-06-13 09:45:43'),
(126, '552', 'Nenyn Sudarianti', 'out', '2019-03-30 15:24:00', 0, 1, '2019-06-13 09:45:43', '2019-06-13 09:45:43'),
(127, '552', 'Nenyn Sudarianti', 'in', '2019-04-01 06:54:00', 0, 0, '2019-06-13 09:45:43', '2019-06-13 09:45:43'),
(128, '552', 'Nenyn Sudarianti', 'in', '2019-04-02 06:47:00', 0, 0, '2019-06-13 09:45:43', '2019-06-13 09:45:43'),
(129, '552', 'Nenyn Sudarianti', 'in', '2019-04-04 06:55:00', 0, 0, '2019-06-13 09:45:43', '2019-06-13 09:45:43'),
(130, '552', 'Nenyn Sudarianti', 'in', '2019-04-05 06:54:00', 0, 0, '2019-06-13 09:45:43', '2019-06-13 09:45:43'),
(131, '552', 'Nenyn Sudarianti', 'in', '2019-04-06 07:26:00', 0, 1, '2019-06-13 09:45:43', '2019-06-13 09:45:43'),
(132, '552', 'Nenyn Sudarianti', 'in', '2019-04-08 06:54:00', 0, 0, '2019-06-13 09:45:43', '2019-06-13 09:45:43'),
(133, '552', 'Nenyn Sudarianti', 'in', '2019-04-09 06:54:00', 0, 0, '2019-06-13 09:45:43', '2019-06-13 09:45:43'),
(134, '552', 'Nenyn Sudarianti', 'in', '2019-04-10 06:54:00', 0, 0, '2019-06-13 09:45:43', '2019-06-13 09:45:43'),
(135, '552', 'Nenyn Sudarianti', 'in', '2019-04-11 06:53:00', 0, 0, '2019-06-13 09:45:43', '2019-06-13 09:45:43'),
(136, '552', 'Nenyn Sudarianti', 'in', '2019-04-12 06:55:00', 0, 0, '2019-06-13 09:45:43', '2019-06-13 09:45:43'),
(137, '552', 'Nenyn Sudarianti', 'in', '2019-04-13 07:12:00', 0, 1, '2019-06-13 09:45:43', '2019-06-13 09:45:43'),
(138, '552', 'Nenyn Sudarianti', 'in', '2019-04-15 06:56:00', 0, 0, '2019-06-13 09:45:43', '2019-06-13 09:45:43'),
(139, '552', 'Nenyn Sudarianti', 'in', '2019-04-16 06:55:00', 0, 0, '2019-06-13 09:45:43', '2019-06-13 09:45:43'),
(140, '570', 'Yuana Ika', 'in', '2019-03-21 07:03:00', 1, 0, '2019-06-13 09:45:43', '2019-06-13 09:45:43'),
(141, '570', 'Yuana Ika', 'in', '2019-03-22 07:08:00', 0, 1, '2019-06-13 09:45:43', '2019-06-13 09:45:43'),
(142, '570', 'Yuana Ika', 'in', '2019-03-25 07:01:00', 1, 0, '2019-06-13 09:45:43', '2019-06-13 09:45:43'),
(143, '570', 'Yuana Ika', 'in', '2019-03-26 07:01:00', 1, 0, '2019-06-13 09:45:43', '2019-06-13 09:45:43'),
(144, '570', 'Yuana Ika', 'in', '2019-03-27 07:02:00', 1, 0, '2019-06-13 09:45:43', '2019-06-13 09:45:43'),
(145, '570', 'Yuana Ika', 'in', '2019-03-28 06:59:00', 0, 0, '2019-06-13 09:45:43', '2019-06-13 09:45:43'),
(146, '570', 'Yuana Ika', 'in', '2019-03-29 07:01:00', 1, 0, '2019-06-13 09:45:43', '2019-06-13 09:45:43'),
(147, '570', 'Yuana Ika', 'out', '2019-03-30 07:46:00', 0, 1, '2019-06-13 09:45:43', '2019-06-13 09:45:43'),
(148, '570', 'Yuana Ika', 'out', '2019-03-30 15:24:00', 0, 1, '2019-06-13 09:45:43', '2019-06-13 09:45:43'),
(149, '570', 'Yuana Ika', 'in', '2019-04-01 06:59:00', 0, 0, '2019-06-13 09:45:43', '2019-06-13 09:45:43'),
(150, '570', 'Yuana Ika', 'in', '2019-04-02 07:11:00', 0, 1, '2019-06-13 09:45:43', '2019-06-13 09:45:43'),
(151, '570', 'Yuana Ika', 'in', '2019-04-04 07:04:00', 1, 0, '2019-06-13 09:45:43', '2019-06-13 09:45:43'),
(152, '570', 'Yuana Ika', 'out', '2019-04-05 16:25:00', 0, 1, '2019-06-13 09:45:43', '2019-06-13 09:45:43'),
(153, '570', 'Yuana Ika', 'in', '2019-04-06 07:32:00', 0, 1, '2019-06-13 09:45:43', '2019-06-13 09:45:43'),
(154, '570', 'Yuana Ika', 'in', '2019-04-08 07:01:00', 1, 0, '2019-06-13 09:45:43', '2019-06-13 09:45:43'),
(155, '570', 'Yuana Ika', 'in', '2019-04-09 06:58:00', 0, 0, '2019-06-13 09:45:43', '2019-06-13 09:45:43'),
(156, '570', 'Yuana Ika', 'in', '2019-04-10 07:01:00', 1, 0, '2019-06-13 09:45:43', '2019-06-13 09:45:43'),
(157, '570', 'Yuana Ika', 'in', '2019-04-11 06:59:00', 0, 0, '2019-06-13 09:45:43', '2019-06-13 09:45:43'),
(158, '570', 'Yuana Ika', 'in', '2019-04-12 06:57:00', 0, 0, '2019-06-13 09:45:43', '2019-06-13 09:45:43'),
(159, '570', 'Yuana Ika', 'in', '2019-04-13 07:33:00', 0, 1, '2019-06-13 09:45:43', '2019-06-13 09:45:43'),
(160, '570', 'Yuana Ika', 'in', '2019-04-15 07:08:00', 0, 1, '2019-06-13 09:45:43', '2019-06-13 09:45:43'),
(161, '570', 'Yuana Ika', 'in', '2019-04-16 07:04:00', 1, 0, '2019-06-13 09:45:43', '2019-06-13 09:45:43'),
(162, '627', 'Novi Hardiansyah', 'in', '2019-03-21 07:13:00', 0, 1, '2019-06-13 09:45:43', '2019-06-13 09:45:43'),
(163, '627', 'Novi Hardiansyah', 'in', '2019-03-22 06:45:00', 0, 0, '2019-06-13 09:45:43', '2019-06-13 09:45:43'),
(164, '627', 'Novi Hardiansyah', 'in', '2019-03-25 06:40:00', 0, 0, '2019-06-13 09:45:43', '2019-06-13 09:45:43'),
(165, '627', 'Novi Hardiansyah', 'in', '2019-03-26 07:14:00', 0, 1, '2019-06-13 09:45:43', '2019-06-13 09:45:43'),
(166, '627', 'Novi Hardiansyah', 'in', '2019-03-27 07:23:00', 0, 1, '2019-06-13 09:45:43', '2019-06-13 09:45:43'),
(167, '627', 'Novi Hardiansyah', 'in', '2019-03-28 06:34:00', 0, 0, '2019-06-13 09:45:43', '2019-06-13 09:45:43'),
(168, '627', 'Novi Hardiansyah', 'in', '2019-03-29 06:40:00', 0, 0, '2019-06-13 09:45:43', '2019-06-13 09:45:43'),
(169, '627', 'Novi Hardiansyah', 'out', '2019-03-30 06:38:00', 0, 0, '2019-06-13 09:45:43', '2019-06-13 09:45:43'),
(170, '627', 'Novi Hardiansyah', 'out', '2019-03-30 06:38:00', 0, 0, '2019-06-13 09:45:43', '2019-06-13 09:45:43'),
(171, '627', 'Novi Hardiansyah', 'out', '2019-03-30 13:59:00', 0, 1, '2019-06-13 09:45:43', '2019-06-13 09:45:43'),
(172, '627', 'Novi Hardiansyah', 'out', '2019-03-30 13:59:00', 0, 1, '2019-06-13 09:45:43', '2019-06-13 09:45:43'),
(173, '627', 'Novi Hardiansyah', 'in', '2019-04-01 06:51:00', 0, 0, '2019-06-13 09:45:43', '2019-06-13 09:45:43'),
(174, '627', 'Novi Hardiansyah', 'in', '2019-04-02 06:11:00', 0, 0, '2019-06-13 09:45:43', '2019-06-13 09:45:43'),
(175, '627', 'Novi Hardiansyah', 'in', '2019-04-04 06:37:00', 0, 0, '2019-06-13 09:45:43', '2019-06-13 09:45:43'),
(176, '627', 'Novi Hardiansyah', 'in', '2019-04-05 06:36:00', 0, 0, '2019-06-13 09:45:43', '2019-06-13 09:45:43'),
(177, '627', 'Novi Hardiansyah', 'in', '2019-04-08 06:42:00', 0, 0, '2019-06-13 09:45:43', '2019-06-13 09:45:43'),
(178, '627', 'Novi Hardiansyah', 'in', '2019-04-09 06:31:00', 0, 0, '2019-06-13 09:45:43', '2019-06-13 09:45:43'),
(179, '627', 'Novi Hardiansyah', 'in', '2019-04-10 06:48:00', 0, 0, '2019-06-13 09:45:43', '2019-06-13 09:45:43'),
(180, '627', 'Novi Hardiansyah', 'in', '2019-04-11 07:06:00', 0, 1, '2019-06-13 09:45:43', '2019-06-13 09:45:43'),
(181, '627', 'Novi Hardiansyah', 'in', '2019-04-12 06:45:00', 0, 0, '2019-06-13 09:45:43', '2019-06-13 09:45:43'),
(182, '627', 'Novi Hardiansyah', 'in', '2019-04-13 06:45:00', 0, 0, '2019-06-13 09:45:43', '2019-06-13 09:45:43'),
(183, '627', 'Novi Hardiansyah', 'in', '2019-04-15 06:49:00', 0, 0, '2019-06-13 09:45:43', '2019-06-13 09:45:43'),
(184, '627', 'Novi Hardiansyah', 'in', '2019-04-16 06:57:00', 0, 0, '2019-06-13 09:45:43', '2019-06-13 09:45:43'),
(185, '627', 'Novi Hardiansyah', 'in', '2019-04-18 07:30:00', 0, 1, '2019-06-13 09:45:43', '2019-06-13 09:45:43'),
(186, '627', 'Novi Hardiansyah', 'out', '2019-04-20 07:19:00', 0, 1, '2019-06-13 09:45:43', '2019-06-13 09:45:43'),
(187, '627', 'Novi Hardiansyah', 'out', '2019-04-20 10:23:00', 0, 1, '2019-06-13 09:45:43', '2019-06-13 09:45:43'),
(188, '657', 'Sugiyant', 'in', '2019-03-22 13:42:00', 0, 1, '2019-06-13 09:45:43', '2019-06-13 09:45:43'),
(189, '657', 'Sugiyant', 'in', '2019-03-25 06:49:00', 0, 0, '2019-06-13 09:45:43', '2019-06-13 09:45:43'),
(190, '657', 'Sugiyant', 'in', '2019-03-26 07:00:00', 0, 0, '2019-06-13 09:45:43', '2019-06-13 09:45:43'),
(191, '657', 'Sugiyant', 'in', '2019-03-27 06:40:00', 0, 0, '2019-06-13 09:45:43', '2019-06-13 09:45:43'),
(192, '657', 'Sugiyant', 'in', '2019-03-28 06:42:00', 0, 0, '2019-06-13 09:45:43', '2019-06-13 09:45:43'),
(193, '657', 'Sugiyant', 'in', '2019-03-29 06:59:00', 0, 0, '2019-06-13 09:45:43', '2019-06-13 09:45:43'),
(194, '657', 'Sugiyant', 'out', '2019-03-30 07:25:00', 0, 1, '2019-06-13 09:45:43', '2019-06-13 09:45:43'),
(195, '657', 'Sugiyant', 'out', '2019-03-30 07:25:00', 0, 1, '2019-06-13 09:45:43', '2019-06-13 09:45:43'),
(196, '657', 'Sugiyant', 'out', '2019-03-30 12:42:00', 0, 1, '2019-06-13 09:45:43', '2019-06-13 09:45:43'),
(197, '657', 'Sugiyant', 'out', '2019-03-30 12:42:00', 0, 1, '2019-06-13 09:45:43', '2019-06-13 09:45:43'),
(198, '657', 'Sugiyant', 'in', '2019-04-01 07:03:00', 1, 0, '2019-06-13 09:45:43', '2019-06-13 09:45:43'),
(199, '657', 'Sugiyant', 'in', '2019-04-02 07:03:00', 1, 0, '2019-06-13 09:45:43', '2019-06-13 09:45:43'),
(200, '657', 'Sugiyant', 'in', '2019-04-04 06:45:00', 0, 0, '2019-06-13 09:45:43', '2019-06-13 09:45:43'),
(201, '657', 'Sugiyant', 'in', '2019-04-05 06:54:00', 0, 0, '2019-06-13 09:45:43', '2019-06-13 09:45:43'),
(202, '657', 'Sugiyant', 'out', '2019-04-08 15:32:00', 0, 1, '2019-06-13 09:45:43', '2019-06-13 09:45:43'),
(203, '657', 'Sugiyant', 'out', '2019-04-08 15:32:00', 0, 1, '2019-06-13 09:45:43', '2019-06-13 09:45:43'),
(204, '657', 'Sugiyant', 'in', '2019-04-09 07:01:00', 1, 0, '2019-06-13 09:45:43', '2019-06-13 09:45:43'),
(205, '657', 'Sugiyant', 'in', '2019-04-10 06:47:00', 0, 0, '2019-06-13 09:45:43', '2019-06-13 09:45:43'),
(206, '657', 'Sugiyant', 'in', '2019-04-11 06:47:00', 0, 0, '2019-06-13 09:45:43', '2019-06-13 09:45:43'),
(207, '657', 'Sugiyant', 'in', '2019-04-12 07:00:00', 0, 0, '2019-06-13 09:45:43', '2019-06-13 09:45:43'),
(208, '657', 'Sugiyant', 'in', '2019-04-13 06:59:00', 0, 0, '2019-06-13 09:45:43', '2019-06-13 09:45:43'),
(209, '657', 'Sugiyant', 'out', '2019-04-15 15:24:00', 0, 1, '2019-06-13 09:45:43', '2019-06-13 09:45:43'),
(210, '657', 'Sugiyant', 'out', '2019-04-15 15:24:00', 0, 1, '2019-06-13 09:45:43', '2019-06-13 09:45:43'),
(211, '657', 'Sugiyant', 'out', '2019-04-16 16:37:00', 0, 1, '2019-06-13 09:45:43', '2019-06-13 09:45:43'),
(212, '657', 'Sugiyant', 'out', '2019-04-16 16:37:00', 0, 1, '2019-06-13 09:45:43', '2019-06-13 09:45:43'),
(213, '725', 'Abdul Malik', 'in', '2019-03-21 06:44:00', 0, 0, '2019-06-13 09:45:43', '2019-06-13 09:45:43'),
(214, '725', 'Abdul Malik', 'in', '2019-03-22 06:47:00', 0, 0, '2019-06-13 09:45:43', '2019-06-13 09:45:43'),
(215, '725', 'Abdul Malik', 'in', '2019-03-25 06:43:00', 0, 0, '2019-06-13 09:45:43', '2019-06-13 09:45:43'),
(216, '725', 'Abdul Malik', 'in', '2019-03-26 06:54:00', 0, 0, '2019-06-13 09:45:43', '2019-06-13 09:45:43'),
(217, '725', 'Abdul Malik', 'in', '2019-03-27 06:27:00', 0, 0, '2019-06-13 09:45:43', '2019-06-13 09:45:43'),
(218, '725', 'Abdul Malik', 'in', '2019-03-28 06:48:00', 0, 0, '2019-06-13 09:45:43', '2019-06-13 09:45:43'),
(219, '725', 'Abdul Malik', 'in', '2019-03-29 06:46:00', 0, 0, '2019-06-13 09:45:43', '2019-06-13 09:45:43'),
(220, '725', 'Abdul Malik', 'out', '2019-03-30 06:48:00', 0, 0, '2019-06-13 09:45:43', '2019-06-13 09:45:43'),
(221, '725', 'Abdul Malik', 'out', '2019-03-30 06:48:00', 0, 0, '2019-06-13 09:45:43', '2019-06-13 09:45:43'),
(222, '725', 'Abdul Malik', 'out', '2019-03-30 12:43:00', 0, 1, '2019-06-13 09:45:43', '2019-06-13 09:45:43'),
(223, '725', 'Abdul Malik', 'in', '2019-04-01 06:51:00', 0, 0, '2019-06-13 09:45:43', '2019-06-13 09:45:43'),
(224, '725', 'Abdul Malik', 'in', '2019-04-02 06:59:00', 0, 0, '2019-06-13 09:45:43', '2019-06-13 09:45:43'),
(225, '725', 'Abdul Malik', 'in', '2019-04-04 06:51:00', 0, 0, '2019-06-13 09:45:43', '2019-06-13 09:45:43'),
(226, '725', 'Abdul Malik', 'in', '2019-04-05 06:54:00', 0, 0, '2019-06-13 09:45:43', '2019-06-13 09:45:43'),
(227, '725', 'Abdul Malik', 'in', '2019-04-08 06:48:00', 0, 0, '2019-06-13 09:45:43', '2019-06-13 09:45:43'),
(228, '725', 'Abdul Malik', 'in', '2019-04-09 06:37:00', 0, 0, '2019-06-13 09:45:43', '2019-06-13 09:45:43'),
(229, '725', 'Abdul Malik', 'in', '2019-04-10 06:49:00', 0, 0, '2019-06-13 09:45:43', '2019-06-13 09:45:43'),
(230, '725', 'Abdul Malik', 'in', '2019-04-13 07:16:00', 0, 1, '2019-06-13 09:45:43', '2019-06-13 09:45:43'),
(231, '725', 'Abdul Malik', 'in', '2019-04-15 06:58:00', 0, 0, '2019-06-13 09:45:43', '2019-06-13 09:45:43'),
(232, '725', 'Abdul Malik', 'in', '2019-04-16 06:56:00', 0, 0, '2019-06-13 09:45:43', '2019-06-13 09:45:43'),
(233, '772', 'Shinta Prima R', 'in', '2019-03-21 06:53:00', 0, 0, '2019-06-13 09:45:43', '2019-06-13 09:45:43'),
(234, '772', 'Shinta Prima R', 'in', '2019-03-22 06:59:00', 0, 0, '2019-06-13 09:45:43', '2019-06-13 09:45:43'),
(235, '772', 'Shinta Prima R', 'in', '2019-03-23 07:58:00', 0, 1, '2019-06-13 09:45:43', '2019-06-13 09:45:43'),
(236, '772', 'Shinta Prima R', 'in', '2019-03-25 06:59:00', 0, 0, '2019-06-13 09:45:43', '2019-06-13 09:45:43'),
(237, '772', 'Shinta Prima R', 'in', '2019-03-26 07:00:00', 0, 0, '2019-06-13 09:45:43', '2019-06-13 09:45:43'),
(238, '772', 'Shinta Prima R', 'in', '2019-03-27 06:56:00', 0, 0, '2019-06-13 09:45:43', '2019-06-13 09:45:43'),
(239, '772', 'Shinta Prima R', 'in', '2019-03-28 06:30:00', 0, 0, '2019-06-13 09:45:43', '2019-06-13 09:45:43'),
(240, '772', 'Shinta Prima R', 'in', '2019-03-29 06:56:00', 0, 0, '2019-06-13 09:45:43', '2019-06-13 09:45:43'),
(241, '772', 'Shinta Prima R', 'out', '2019-03-30 06:56:00', 0, 0, '2019-06-13 09:45:43', '2019-06-13 09:45:43'),
(242, '772', 'Shinta Prima R', 'out', '2019-03-30 12:57:00', 0, 1, '2019-06-13 09:45:43', '2019-06-13 09:45:43'),
(243, '772', 'Shinta Prima R', 'out', '2019-04-01 16:54:00', 0, 1, '2019-06-13 09:45:43', '2019-06-13 09:45:43'),
(244, '772', 'Shinta Prima R', 'in', '2019-04-02 07:01:00', 1, 0, '2019-06-13 09:45:43', '2019-06-13 09:45:43'),
(245, '772', 'Shinta Prima R', 'in', '2019-04-04 06:55:00', 0, 0, '2019-06-13 09:45:43', '2019-06-13 09:45:43'),
(246, '772', 'Shinta Prima R', 'in', '2019-04-05 07:00:00', 0, 0, '2019-06-13 09:45:43', '2019-06-13 09:45:43'),
(247, '772', 'Shinta Prima R', 'in', '2019-04-08 06:58:00', 0, 0, '2019-06-13 09:45:43', '2019-06-13 09:45:43'),
(248, '772', 'Shinta Prima R', 'in', '2019-04-09 06:55:00', 0, 0, '2019-06-13 09:45:43', '2019-06-13 09:45:43'),
(249, '772', 'Shinta Prima R', 'in', '2019-04-10 06:30:00', 0, 0, '2019-06-13 09:45:43', '2019-06-13 09:45:43'),
(250, '772', 'Shinta Prima R', 'in', '2019-04-11 06:56:00', 0, 0, '2019-06-13 09:45:43', '2019-06-13 09:45:43'),
(251, '772', 'Shinta Prima R', 'in', '2019-04-12 07:05:00', 1, 0, '2019-06-13 09:45:43', '2019-06-13 09:45:43'),
(252, '772', 'Shinta Prima R', 'in', '2019-04-13 07:00:00', 0, 0, '2019-06-13 09:45:43', '2019-06-13 09:45:43'),
(253, '772', 'Shinta Prima R', 'in', '2019-04-15 06:42:00', 0, 0, '2019-06-13 09:45:43', '2019-06-13 09:45:43'),
(254, '772', 'Shinta Prima R', 'in', '2019-04-16 07:00:00', 0, 0, '2019-06-13 09:45:43', '2019-06-13 09:45:43'),
(255, '801', 'M. Rusli Zakaria', 'in', '2019-03-21 08:39:00', 0, 1, '2019-06-13 09:45:43', '2019-06-13 09:45:43'),
(256, '801', 'M. Rusli Zakaria', 'in', '2019-03-22 06:42:00', 0, 0, '2019-06-13 09:45:43', '2019-06-13 09:45:43'),
(257, '801', 'M. Rusli Zakaria', 'in', '2019-03-25 06:45:00', 0, 0, '2019-06-13 09:45:43', '2019-06-13 09:45:43'),
(258, '801', 'M. Rusli Zakaria', 'in', '2019-03-26 06:43:00', 0, 0, '2019-06-13 09:45:43', '2019-06-13 09:45:43'),
(259, '801', 'M. Rusli Zakaria', 'in', '2019-03-27 06:39:00', 0, 0, '2019-06-13 09:45:43', '2019-06-13 09:45:43'),
(260, '801', 'M. Rusli Zakaria', 'in', '2019-03-29 06:43:00', 0, 0, '2019-06-13 09:45:43', '2019-06-13 09:45:43'),
(261, '801', 'M. Rusli Zakaria', 'out', '2019-03-30 06:57:00', 0, 0, '2019-06-13 09:45:43', '2019-06-13 09:45:43'),
(262, '801', 'M. Rusli Zakaria', 'out', '2019-03-30 06:58:00', 0, 0, '2019-06-13 09:45:43', '2019-06-13 09:45:43'),
(263, '801', 'M. Rusli Zakaria', 'out', '2019-03-30 17:41:00', 0, 1, '2019-06-13 09:45:43', '2019-06-13 09:45:43'),
(264, '801', 'M. Rusli Zakaria', 'out', '2019-03-30 17:41:00', 0, 1, '2019-06-13 09:45:43', '2019-06-13 09:45:43'),
(265, '801', 'M. Rusli Zakaria', 'in', '2019-04-01 06:52:00', 0, 0, '2019-06-13 09:45:43', '2019-06-13 09:45:43'),
(266, '801', 'M. Rusli Zakaria', 'in', '2019-04-04 06:53:00', 0, 0, '2019-06-13 09:45:43', '2019-06-13 09:45:43'),
(267, '801', 'M. Rusli Zakaria', 'in', '2019-04-05 05:37:00', 0, 0, '2019-06-13 09:45:43', '2019-06-13 09:45:43'),
(268, '801', 'M. Rusli Zakaria', 'in', '2019-04-06 07:31:00', 0, 1, '2019-06-13 09:45:43', '2019-06-13 09:45:43'),
(269, '801', 'M. Rusli Zakaria', 'in', '2019-04-08 06:45:00', 0, 0, '2019-06-13 09:45:43', '2019-06-13 09:45:43'),
(270, '801', 'M. Rusli Zakaria', 'in', '2019-04-09 06:36:00', 0, 0, '2019-06-13 09:45:43', '2019-06-13 09:45:43'),
(271, '801', 'M. Rusli Zakaria', 'in', '2019-04-10 06:46:00', 0, 0, '2019-06-13 09:45:43', '2019-06-13 09:45:43'),
(272, '801', 'M. Rusli Zakaria', 'in', '2019-04-11 06:44:00', 0, 0, '2019-06-13 09:45:43', '2019-06-13 09:45:43'),
(273, '801', 'M. Rusli Zakaria', 'in', '2019-04-12 06:43:00', 0, 0, '2019-06-13 09:45:43', '2019-06-13 09:45:43'),
(274, '801', 'M. Rusli Zakaria', 'in', '2019-04-13 06:04:00', 0, 0, '2019-06-13 09:45:43', '2019-06-13 09:45:43'),
(275, '801', 'M. Rusli Zakaria', 'in', '2019-04-15 06:49:00', 0, 0, '2019-06-13 09:45:43', '2019-06-13 09:45:43'),
(276, '801', 'M. Rusli Zakaria', 'in', '2019-04-16 06:44:00', 0, 0, '2019-06-13 09:45:43', '2019-06-13 09:45:43'),
(277, '822', 'Zahra Priana', 'in', '2019-03-21 07:00:00', 0, 0, '2019-06-13 09:45:43', '2019-06-13 09:45:43'),
(278, '822', 'Zahra Priana', 'in', '2019-03-22 07:03:00', 1, 0, '2019-06-13 09:45:44', '2019-06-13 09:45:44'),
(279, '822', 'Zahra Priana', 'in', '2019-03-23 13:56:00', 0, 1, '2019-06-13 09:45:44', '2019-06-13 09:45:44'),
(280, '822', 'Zahra Priana', 'in', '2019-03-25 06:54:00', 0, 0, '2019-06-13 09:45:44', '2019-06-13 09:45:44'),
(281, '822', 'Zahra Priana', 'in', '2019-03-26 06:55:00', 0, 0, '2019-06-13 09:45:44', '2019-06-13 09:45:44'),
(282, '822', 'Zahra Priana', 'in', '2019-03-27 07:02:00', 1, 0, '2019-06-13 09:45:44', '2019-06-13 09:45:44'),
(283, '822', 'Zahra Priana', 'in', '2019-03-28 06:55:00', 0, 0, '2019-06-13 09:45:44', '2019-06-13 09:45:44'),
(284, '822', 'Zahra Priana', 'in', '2019-03-29 07:01:00', 1, 0, '2019-06-13 09:45:44', '2019-06-13 09:45:44'),
(285, '822', 'Zahra Priana', 'out', '2019-03-30 07:31:00', 0, 1, '2019-06-13 09:45:44', '2019-06-13 09:45:44'),
(286, '822', 'Zahra Priana', 'out', '2019-03-30 13:59:00', 0, 1, '2019-06-13 09:45:44', '2019-06-13 09:45:44'),
(287, '822', 'Zahra Priana', 'in', '2019-04-02 06:50:00', 0, 0, '2019-06-13 09:45:44', '2019-06-13 09:45:44'),
(288, '822', 'Zahra Priana', 'in', '2019-04-04 06:25:00', 0, 0, '2019-06-13 09:45:44', '2019-06-13 09:45:44'),
(289, '822', 'Zahra Priana', 'in', '2019-04-05 06:52:00', 0, 0, '2019-06-13 09:45:44', '2019-06-13 09:45:44'),
(290, '822', 'Zahra Priana', 'in', '2019-04-08 06:56:00', 0, 0, '2019-06-13 09:45:44', '2019-06-13 09:45:44'),
(291, '822', 'Zahra Priana', 'in', '2019-04-09 06:58:00', 0, 0, '2019-06-13 09:45:44', '2019-06-13 09:45:44'),
(292, '822', 'Zahra Priana', 'in', '2019-04-10 06:34:00', 0, 0, '2019-06-13 09:45:44', '2019-06-13 09:45:44'),
(293, '822', 'Zahra Priana', 'in', '2019-04-11 06:52:00', 0, 0, '2019-06-13 09:45:44', '2019-06-13 09:45:44'),
(294, '822', 'Zahra Priana', 'in', '2019-04-12 08:46:00', 0, 1, '2019-06-13 09:45:44', '2019-06-13 09:45:44'),
(295, '822', 'Zahra Priana', 'in', '2019-04-13 07:19:00', 0, 1, '2019-06-13 09:45:44', '2019-06-13 09:45:44'),
(296, '822', 'Zahra Priana', 'in', '2019-04-15 09:54:00', 0, 1, '2019-06-13 09:45:44', '2019-06-13 09:45:44'),
(297, '822', 'Zahra Priana', 'in', '2019-04-16 07:11:00', 0, 1, '2019-06-13 09:45:44', '2019-06-13 09:45:44'),
(298, '854', 'Rinda Dwi Nur\'aini', 'in', '2019-03-21 06:57:00', 0, 0, '2019-06-13 09:45:44', '2019-06-13 09:45:44'),
(299, '854', 'Rinda Dwi Nur\'aini', 'in', '2019-03-22 06:56:00', 0, 0, '2019-06-13 09:45:44', '2019-06-13 09:45:44'),
(300, '854', 'Rinda Dwi Nur\'aini', 'in', '2019-03-25 06:54:00', 0, 0, '2019-06-13 09:45:44', '2019-06-13 09:45:44'),
(301, '854', 'Rinda Dwi Nur\'aini', 'in', '2019-03-26 06:56:00', 0, 0, '2019-06-13 09:45:44', '2019-06-13 09:45:44'),
(302, '854', 'Rinda Dwi Nur\'aini', 'in', '2019-03-27 06:21:00', 0, 0, '2019-06-13 09:45:44', '2019-06-13 09:45:44'),
(303, '854', 'Rinda Dwi Nur\'aini', 'in', '2019-03-28 06:55:00', 0, 0, '2019-06-13 09:45:44', '2019-06-13 09:45:44'),
(304, '854', 'Rinda Dwi Nur\'aini', 'in', '2019-03-29 06:53:00', 0, 0, '2019-06-13 09:45:44', '2019-06-13 09:45:44'),
(305, '854', 'Rinda Dwi Nur\'aini', 'out', '2019-03-30 06:55:00', 0, 0, '2019-06-13 09:45:44', '2019-06-13 09:45:44'),
(306, '854', 'Rinda Dwi Nur\'aini', 'out', '2019-03-30 06:55:00', 0, 0, '2019-06-13 09:45:44', '2019-06-13 09:45:44'),
(307, '854', 'Rinda Dwi Nur\'aini', 'out', '2019-03-30 14:17:00', 0, 1, '2019-06-13 09:45:44', '2019-06-13 09:45:44'),
(308, '854', 'Rinda Dwi Nur\'aini', 'out', '2019-03-30 14:17:00', 0, 1, '2019-06-13 09:45:44', '2019-06-13 09:45:44'),
(309, '854', 'Rinda Dwi Nur\'aini', 'in', '2019-04-01 06:56:00', 0, 0, '2019-06-13 09:45:44', '2019-06-13 09:45:44'),
(310, '854', 'Rinda Dwi Nur\'aini', 'in', '2019-04-02 06:56:00', 0, 0, '2019-06-13 09:45:44', '2019-06-13 09:45:44'),
(311, '854', 'Rinda Dwi Nur\'aini', 'in', '2019-04-04 06:52:00', 0, 0, '2019-06-13 09:45:44', '2019-06-13 09:45:44'),
(312, '854', 'Rinda Dwi Nur\'aini', 'in', '2019-04-05 06:55:00', 0, 0, '2019-06-13 09:45:44', '2019-06-13 09:45:44'),
(313, '854', 'Rinda Dwi Nur\'aini', 'in', '2019-04-09 06:55:00', 0, 0, '2019-06-13 09:45:44', '2019-06-13 09:45:44'),
(314, '854', 'Rinda Dwi Nur\'aini', 'in', '2019-04-10 06:56:00', 0, 0, '2019-06-13 09:45:44', '2019-06-13 09:45:44'),
(315, '854', 'Rinda Dwi Nur\'aini', 'in', '2019-04-11 06:56:00', 0, 0, '2019-06-13 09:45:44', '2019-06-13 09:45:44'),
(316, '854', 'Rinda Dwi Nur\'aini', 'in', '2019-04-12 06:53:00', 0, 0, '2019-06-13 09:45:44', '2019-06-13 09:45:44'),
(317, '854', 'Rinda Dwi Nur\'aini', 'in', '2019-04-13 07:24:00', 0, 1, '2019-06-13 09:45:44', '2019-06-13 09:45:44'),
(318, '854', 'Rinda Dwi Nur\'aini', 'in', '2019-04-15 06:57:00', 0, 0, '2019-06-13 09:45:44', '2019-06-13 09:45:44'),
(319, '854', 'Rinda Dwi Nur\'aini', 'in', '2019-04-16 06:57:00', 0, 0, '2019-06-13 09:45:44', '2019-06-13 09:45:44'),
(320, '872', 'Agus Salim', 'in', '2019-03-21 06:55:00', 0, 0, '2019-06-13 09:45:44', '2019-06-13 09:45:44'),
(321, '872', 'Agus Salim', 'in', '2019-03-22 06:58:00', 0, 0, '2019-06-13 09:45:44', '2019-06-13 09:45:44'),
(322, '872', 'Agus Salim', 'in', '2019-04-01 07:34:00', 0, 1, '2019-06-13 09:45:44', '2019-06-13 09:45:44'),
(323, '872', 'Agus Salim', 'in', '2019-04-02 07:33:00', 0, 1, '2019-06-13 09:45:44', '2019-06-13 09:45:44'),
(324, '872', 'Agus Salim', 'in', '2019-04-04 07:13:00', 0, 1, '2019-06-13 09:45:44', '2019-06-13 09:45:44'),
(325, '872', 'Agus Salim', 'in', '2019-04-05 06:59:00', 0, 0, '2019-06-13 09:45:44', '2019-06-13 09:45:44'),
(326, '872', 'Agus Salim', 'in', '2019-04-08 07:00:00', 0, 0, '2019-06-13 09:45:44', '2019-06-13 09:45:44'),
(327, '872', 'Agus Salim', 'in', '2019-04-09 06:55:00', 0, 0, '2019-06-13 09:45:44', '2019-06-13 09:45:44'),
(328, '872', 'Agus Salim', 'in', '2019-04-10 06:59:00', 0, 0, '2019-06-13 09:45:44', '2019-06-13 09:45:44'),
(329, '872', 'Agus Salim', 'in', '2019-04-11 06:57:00', 0, 0, '2019-06-13 09:45:44', '2019-06-13 09:45:44'),
(330, '872', 'Agus Salim', 'in', '2019-04-12 06:58:00', 0, 0, '2019-06-13 09:45:44', '2019-06-13 09:45:44'),
(331, '872', 'Agus Salim', 'in', '2019-04-13 07:18:00', 0, 1, '2019-06-13 09:45:44', '2019-06-13 09:45:44'),
(332, '872', 'Agus Salim', 'in', '2019-04-15 07:41:00', 0, 1, '2019-06-13 09:45:44', '2019-06-13 09:45:44'),
(333, '872', 'Agus Salim', 'in', '2019-04-16 06:57:00', 0, 0, '2019-06-13 09:45:44', '2019-06-13 09:45:44'),
(334, '880', 'Ninik Yuliana', 'in', '2019-03-21 06:51:00', 0, 0, '2019-06-13 09:45:44', '2019-06-13 09:45:44'),
(335, '880', 'Ninik Yuliana', 'in', '2019-03-22 06:45:00', 0, 0, '2019-06-13 09:45:44', '2019-06-13 09:45:44'),
(336, '880', 'Ninik Yuliana', 'in', '2019-03-25 06:51:00', 0, 0, '2019-06-13 09:45:44', '2019-06-13 09:45:44'),
(337, '880', 'Ninik Yuliana', 'in', '2019-03-26 06:57:00', 0, 0, '2019-06-13 09:45:44', '2019-06-13 09:45:44'),
(338, '880', 'Ninik Yuliana', 'in', '2019-03-27 06:55:00', 0, 0, '2019-06-13 09:45:44', '2019-06-13 09:45:44'),
(339, '880', 'Ninik Yuliana', 'in', '2019-03-28 06:58:00', 0, 0, '2019-06-13 09:45:44', '2019-06-13 09:45:44'),
(340, '880', 'Ninik Yuliana', 'in', '2019-03-29 06:46:00', 0, 0, '2019-06-13 09:45:44', '2019-06-13 09:45:44'),
(341, '880', 'Ninik Yuliana', 'out', '2019-03-30 06:52:00', 0, 0, '2019-06-13 09:45:44', '2019-06-13 09:45:44'),
(342, '880', 'Ninik Yuliana', 'out', '2019-03-30 15:17:00', 0, 1, '2019-06-13 09:45:44', '2019-06-13 09:45:44'),
(343, '880', 'Ninik Yuliana', 'in', '2019-04-01 06:48:00', 0, 0, '2019-06-13 09:45:44', '2019-06-13 09:45:44'),
(344, '880', 'Ninik Yuliana', 'in', '2019-04-02 06:52:00', 0, 0, '2019-06-13 09:45:44', '2019-06-13 09:45:44'),
(345, '880', 'Ninik Yuliana', 'in', '2019-04-04 06:46:00', 0, 0, '2019-06-13 09:45:44', '2019-06-13 09:45:44'),
(346, '880', 'Ninik Yuliana', 'in', '2019-04-05 06:50:00', 0, 0, '2019-06-13 09:45:44', '2019-06-13 09:45:44'),
(347, '880', 'Ninik Yuliana', 'in', '2019-04-06 07:00:00', 0, 0, '2019-06-13 09:45:44', '2019-06-13 09:45:44'),
(348, '880', 'Ninik Yuliana', 'in', '2019-04-08 06:48:00', 0, 0, '2019-06-13 09:45:44', '2019-06-13 09:45:44'),
(349, '880', 'Ninik Yuliana', 'in', '2019-04-09 06:28:00', 0, 0, '2019-06-13 09:45:44', '2019-06-13 09:45:44'),
(350, '880', 'Ninik Yuliana', 'in', '2019-04-10 06:33:00', 0, 0, '2019-06-13 09:45:44', '2019-06-13 09:45:44'),
(351, '880', 'Ninik Yuliana', 'in', '2019-04-11 06:42:00', 0, 0, '2019-06-13 09:45:44', '2019-06-13 09:45:44'),
(352, '880', 'Ninik Yuliana', 'in', '2019-04-12 06:47:00', 0, 0, '2019-06-13 09:45:44', '2019-06-13 09:45:44'),
(353, '880', 'Ninik Yuliana', 'in', '2019-04-13 06:56:00', 0, 0, '2019-06-13 09:45:44', '2019-06-13 09:45:44'),
(354, '880', 'Ninik Yuliana', 'in', '2019-04-14 13:50:00', 0, 1, '2019-06-13 09:45:44', '2019-06-13 09:45:44'),
(355, '880', 'Ninik Yuliana', 'in', '2019-04-15 06:55:00', 0, 0, '2019-06-13 09:45:44', '2019-06-13 09:45:44'),
(356, '880', 'Ninik Yuliana', 'in', '2019-04-16 06:52:00', 0, 0, '2019-06-13 09:45:44', '2019-06-13 09:45:44'),
(357, '880', 'Ninik Yuliana', 'out', '2019-04-20 14:22:00', 0, 1, '2019-06-13 09:45:44', '2019-06-13 09:45:44'),
(358, '880', 'Ninik Yuliana', 'out', '2019-04-20 15:22:00', 0, 1, '2019-06-13 09:45:44', '2019-06-13 09:45:44'),
(359, '928', 'Faiz naufal', 'in', '2019-03-21 06:42:00', 0, 0, '2019-06-13 09:45:44', '2019-06-13 09:45:44'),
(360, '928', 'Faiz naufal', 'in', '2019-03-22 07:01:00', 1, 0, '2019-06-13 09:45:44', '2019-06-13 09:45:44'),
(361, '928', 'Faiz naufal', 'in', '2019-03-25 06:19:00', 0, 0, '2019-06-13 09:45:44', '2019-06-13 09:45:44'),
(362, '928', 'Faiz naufal', 'in', '2019-03-28 06:23:00', 0, 0, '2019-06-13 09:45:44', '2019-06-13 09:45:44'),
(363, '928', 'Faiz naufal', 'in', '2019-03-29 06:27:00', 0, 0, '2019-06-13 09:45:44', '2019-06-13 09:45:44'),
(364, '928', 'Faiz naufal', 'out', '2019-03-30 06:49:00', 0, 0, '2019-06-13 09:45:44', '2019-06-13 09:45:44'),
(365, '928', 'Faiz naufal', 'out', '2019-03-30 19:06:00', 0, 1, '2019-06-13 09:45:44', '2019-06-13 09:45:44'),
(366, '928', 'Faiz naufal', 'in', '2019-04-01 06:21:00', 0, 0, '2019-06-13 09:45:44', '2019-06-13 09:45:44'),
(367, '928', 'Faiz naufal', 'in', '2019-04-02 06:28:00', 0, 0, '2019-06-13 09:45:44', '2019-06-13 09:45:44'),
(368, '928', 'Faiz naufal', 'in', '2019-04-04 06:27:00', 0, 0, '2019-06-13 09:45:44', '2019-06-13 09:45:44'),
(369, '928', 'Faiz naufal', 'in', '2019-04-05 06:37:00', 0, 0, '2019-06-13 09:45:44', '2019-06-13 09:45:44'),
(370, '928', 'Faiz naufal', 'in', '2019-04-06 05:52:00', 0, 0, '2019-06-13 09:45:44', '2019-06-13 09:45:44'),
(371, '928', 'Faiz naufal', 'in', '2019-04-08 06:17:00', 0, 0, '2019-06-13 09:45:44', '2019-06-13 09:45:44'),
(372, '928', 'Faiz naufal', 'in', '2019-04-09 06:33:00', 0, 0, '2019-06-13 09:45:44', '2019-06-13 09:45:44'),
(373, '928', 'Faiz naufal', 'in', '2019-04-10 06:29:00', 0, 0, '2019-06-13 09:45:44', '2019-06-13 09:45:44'),
(374, '928', 'Faiz naufal', 'in', '2019-04-11 06:01:00', 0, 0, '2019-06-13 09:45:44', '2019-06-13 09:45:44'),
(375, '928', 'Faiz naufal', 'in', '2019-04-12 06:41:00', 0, 0, '2019-06-13 09:45:44', '2019-06-13 09:45:44'),
(376, '928', 'Faiz naufal', 'in', '2019-04-13 06:04:00', 0, 0, '2019-06-13 09:45:44', '2019-06-13 09:45:44'),
(377, '928', 'Faiz naufal', 'in', '2019-04-15 06:35:00', 0, 0, '2019-06-13 09:45:44', '2019-06-13 09:45:44'),
(378, '929', 'Faesal Abidin', 'in', '2019-03-21 06:58:00', 0, 0, '2019-06-13 09:45:44', '2019-06-13 09:45:44'),
(379, '929', 'Faesal Abidin', 'in', '2019-03-22 06:49:00', 0, 0, '2019-06-13 09:45:44', '2019-06-13 09:45:44'),
(380, '929', 'Faesal Abidin', 'in', '2019-03-23 14:18:00', 0, 1, '2019-06-13 09:45:44', '2019-06-13 09:45:44'),
(381, '929', 'Faesal Abidin', 'in', '2019-03-25 06:34:00', 0, 0, '2019-06-13 09:45:44', '2019-06-13 09:45:44'),
(382, '929', 'Faesal Abidin', 'in', '2019-03-26 07:00:00', 0, 0, '2019-06-13 09:45:44', '2019-06-13 09:45:44'),
(383, '929', 'Faesal Abidin', 'in', '2019-03-27 06:39:00', 0, 0, '2019-06-13 09:45:44', '2019-06-13 09:45:44'),
(384, '929', 'Faesal Abidin', 'in', '2019-03-28 06:00:00', 0, 0, '2019-06-13 09:45:44', '2019-06-13 09:45:44'),
(385, '929', 'Faesal Abidin', 'in', '2019-03-29 06:48:00', 0, 0, '2019-06-13 09:45:44', '2019-06-13 09:45:44'),
(386, '929', 'Faesal Abidin', 'out', '2019-03-30 06:49:00', 0, 0, '2019-06-13 09:45:44', '2019-06-13 09:45:44'),
(387, '929', 'Faesal Abidin', 'out', '2019-03-30 13:59:00', 0, 1, '2019-06-13 09:45:44', '2019-06-13 09:45:44'),
(388, '929', 'Faesal Abidin', 'in', '2019-04-01 06:40:00', 0, 0, '2019-06-13 09:45:44', '2019-06-13 09:45:44'),
(389, '929', 'Faesal Abidin', 'in', '2019-04-02 06:42:00', 0, 0, '2019-06-13 09:45:44', '2019-06-13 09:45:44'),
(390, '929', 'Faesal Abidin', 'in', '2019-04-04 06:39:00', 0, 0, '2019-06-13 09:45:44', '2019-06-13 09:45:44'),
(391, '929', 'Faesal Abidin', 'in', '2019-04-05 05:42:00', 0, 0, '2019-06-13 09:45:44', '2019-06-13 09:45:44'),
(392, '929', 'Faesal Abidin', 'in', '2019-04-08 06:49:00', 0, 0, '2019-06-13 09:45:44', '2019-06-13 09:45:44'),
(393, '929', 'Faesal Abidin', 'in', '2019-04-09 07:03:00', 1, 0, '2019-06-13 09:45:44', '2019-06-13 09:45:44'),
(394, '929', 'Faesal Abidin', 'in', '2019-04-10 06:54:00', 0, 0, '2019-06-13 09:45:44', '2019-06-13 09:45:44'),
(395, '929', 'Faesal Abidin', 'in', '2019-04-11 07:01:00', 1, 0, '2019-06-13 09:45:44', '2019-06-13 09:45:44'),
(396, '929', 'Faesal Abidin', 'in', '2019-04-12 06:44:00', 0, 0, '2019-06-13 09:45:44', '2019-06-13 09:45:44'),
(397, '929', 'Faesal Abidin', 'in', '2019-04-13 04:47:00', 0, 0, '2019-06-13 09:45:44', '2019-06-13 09:45:44'),
(398, '929', 'Faesal Abidin', 'in', '2019-04-15 06:35:00', 0, 0, '2019-06-13 09:45:44', '2019-06-13 09:45:44'),
(399, '929', 'Faesal Abidin', 'in', '2019-04-16 06:45:00', 0, 0, '2019-06-13 09:45:44', '2019-06-13 09:45:44'),
(400, '943', 'Fattachul Huda', 'in', '2019-03-21 06:35:00', 0, 0, '2019-06-13 09:45:44', '2019-06-13 09:45:44'),
(401, '943', 'Fattachul Huda', 'in', '2019-03-22 06:30:00', 0, 0, '2019-06-13 09:45:44', '2019-06-13 09:45:44'),
(402, '943', 'Fattachul Huda', 'in', '2019-03-23 14:18:00', 0, 1, '2019-06-13 09:45:44', '2019-06-13 09:45:44'),
(403, '943', 'Fattachul Huda', 'in', '2019-03-25 06:22:00', 0, 0, '2019-06-13 09:45:44', '2019-06-13 09:45:44'),
(404, '943', 'Fattachul Huda', 'in', '2019-03-26 06:29:00', 0, 0, '2019-06-13 09:45:44', '2019-06-13 09:45:44'),
(405, '943', 'Fattachul Huda', 'in', '2019-03-27 06:49:00', 0, 0, '2019-06-13 09:45:44', '2019-06-13 09:45:44'),
(406, '943', 'Fattachul Huda', 'in', '2019-03-28 06:27:00', 0, 0, '2019-06-13 09:45:44', '2019-06-13 09:45:44'),
(407, '943', 'Fattachul Huda', 'in', '2019-03-29 06:27:00', 0, 0, '2019-06-13 09:45:44', '2019-06-13 09:45:44'),
(408, '943', 'Fattachul Huda', 'out', '2019-03-30 06:47:00', 0, 0, '2019-06-13 09:45:44', '2019-06-13 09:45:44'),
(409, '943', 'Fattachul Huda', 'out', '2019-03-30 14:12:00', 0, 1, '2019-06-13 09:45:44', '2019-06-13 09:45:44'),
(410, '943', 'Fattachul Huda', 'out', '2019-03-30 14:12:00', 0, 1, '2019-06-13 09:45:44', '2019-06-13 09:45:44'),
(411, '943', 'Fattachul Huda', 'in', '2019-04-01 06:33:00', 0, 0, '2019-06-13 09:45:44', '2019-06-13 09:45:44'),
(412, '943', 'Fattachul Huda', 'in', '2019-04-02 06:37:00', 0, 0, '2019-06-13 09:45:44', '2019-06-13 09:45:44'),
(413, '943', 'Fattachul Huda', 'in', '2019-04-04 06:23:00', 0, 0, '2019-06-13 09:45:44', '2019-06-13 09:45:44'),
(414, '943', 'Fattachul Huda', 'in', '2019-04-05 06:40:00', 0, 0, '2019-06-13 09:45:44', '2019-06-13 09:45:44'),
(415, '943', 'Fattachul Huda', 'in', '2019-04-08 06:26:00', 0, 0, '2019-06-13 09:45:44', '2019-06-13 09:45:44'),
(416, '943', 'Fattachul Huda', 'in', '2019-04-09 06:25:00', 0, 0, '2019-06-13 09:45:44', '2019-06-13 09:45:44'),
(417, '943', 'Fattachul Huda', 'in', '2019-04-10 06:33:00', 0, 0, '2019-06-13 09:45:44', '2019-06-13 09:45:44'),
(418, '943', 'Fattachul Huda', 'in', '2019-04-12 06:15:00', 0, 0, '2019-06-13 09:45:44', '2019-06-13 09:45:44'),
(419, '943', 'Fattachul Huda', 'in', '2019-04-13 06:40:00', 0, 0, '2019-06-13 09:45:44', '2019-06-13 09:45:44'),
(420, '943', 'Fattachul Huda', 'in', '2019-04-15 06:34:00', 0, 0, '2019-06-13 09:45:44', '2019-06-13 09:45:44'),
(421, '943', 'Fattachul Huda', 'in', '2019-04-16 06:39:00', 0, 0, '2019-06-13 09:45:44', '2019-06-13 09:45:44'),
(422, '943', 'Fattachul Huda', 'out', '2019-04-20 07:24:00', 0, 1, '2019-06-13 09:45:44', '2019-06-13 09:45:44'),
(423, '943', 'Fattachul Huda', 'out', '2019-04-20 14:46:00', 0, 1, '2019-06-13 09:45:44', '2019-06-13 09:45:44'),
(424, '947', 'Rosallina', 'in', '2019-03-21 07:04:00', 1, 0, '2019-06-13 09:45:44', '2019-06-13 09:45:44'),
(425, '947', 'Rosallina', 'in', '2019-03-22 07:12:00', 0, 1, '2019-06-13 09:45:44', '2019-06-13 09:45:44'),
(426, '947', 'Rosallina', 'in', '2019-03-23 08:17:00', 0, 1, '2019-06-13 09:45:44', '2019-06-13 09:45:44'),
(427, '947', 'Rosallina', 'in', '2019-03-25 07:29:00', 0, 1, '2019-06-13 09:45:44', '2019-06-13 09:45:44'),
(428, '947', 'Rosallina', 'in', '2019-03-26 07:10:00', 0, 1, '2019-06-13 09:45:44', '2019-06-13 09:45:44'),
(429, '947', 'Rosallina', 'in', '2019-03-27 07:14:00', 0, 1, '2019-06-13 09:45:44', '2019-06-13 09:45:44'),
(430, '947', 'Rosallina', 'in', '2019-03-28 07:49:00', 0, 1, '2019-06-13 09:45:44', '2019-06-13 09:45:44'),
(431, '947', 'Rosallina', 'in', '2019-03-29 07:06:00', 0, 1, '2019-06-13 09:45:44', '2019-06-13 09:45:44'),
(432, '947', 'Rosallina', 'out', '2019-03-30 07:40:00', 0, 1, '2019-06-13 09:45:44', '2019-06-13 09:45:44'),
(433, '947', 'Rosallina', 'out', '2019-03-30 13:25:00', 0, 1, '2019-06-13 09:45:44', '2019-06-13 09:45:44'),
(434, '947', 'Rosallina', 'in', '2019-04-02 07:20:00', 0, 1, '2019-06-13 09:45:44', '2019-06-13 09:45:44'),
(435, '947', 'Rosallina', 'in', '2019-04-03 10:36:00', 0, 1, '2019-06-13 09:45:44', '2019-06-13 09:45:44'),
(436, '947', 'Rosallina', 'in', '2019-04-04 07:06:00', 0, 1, '2019-06-13 09:45:44', '2019-06-13 09:45:44'),
(437, '947', 'Rosallina', 'in', '2019-04-05 06:56:00', 0, 0, '2019-06-13 09:45:44', '2019-06-13 09:45:44'),
(438, '947', 'Rosallina', 'in', '2019-04-08 07:03:00', 1, 0, '2019-06-13 09:45:44', '2019-06-13 09:45:44'),
(439, '947', 'Rosallina', 'in', '2019-04-09 06:58:00', 0, 0, '2019-06-13 09:45:44', '2019-06-13 09:45:44'),
(440, '947', 'Rosallina', 'in', '2019-04-10 06:55:00', 0, 0, '2019-06-13 09:45:44', '2019-06-13 09:45:44'),
(441, '947', 'Rosallina', 'in', '2019-04-11 06:49:00', 0, 0, '2019-06-13 09:45:44', '2019-06-13 09:45:44'),
(442, '947', 'Rosallina', 'in', '2019-04-12 06:51:00', 0, 0, '2019-06-13 09:45:44', '2019-06-13 09:45:44'),
(443, '947', 'Rosallina', 'in', '2019-04-13 07:12:00', 0, 1, '2019-06-13 09:45:44', '2019-06-13 09:45:44'),
(444, '947', 'Rosallina', 'in', '2019-04-15 07:18:00', 0, 1, '2019-06-13 09:45:44', '2019-06-13 09:45:44'),
(445, '947', 'Rosallina', 'in', '2019-04-16 07:16:00', 0, 1, '2019-06-13 09:45:44', '2019-06-13 09:45:44'),
(446, '947', 'Rosallina', 'in', '2019-04-18 10:33:00', 0, 1, '2019-06-13 09:45:44', '2019-06-13 09:45:44'),
(447, '985', 'Ali Mustofa', 'in', '2019-03-21 06:27:00', 0, 0, '2019-06-13 09:45:44', '2019-06-13 09:45:44'),
(448, '985', 'Ali Mustofa', 'in', '2019-03-22 06:46:00', 0, 0, '2019-06-13 09:45:44', '2019-06-13 09:45:44'),
(449, '985', 'Ali Mustofa', 'in', '2019-03-27 06:35:00', 0, 0, '2019-06-13 09:45:44', '2019-06-13 09:45:44'),
(450, '985', 'Ali Mustofa', 'in', '2019-03-28 06:38:00', 0, 0, '2019-06-13 09:45:44', '2019-06-13 09:45:44'),
(451, '985', 'Ali Mustofa', 'in', '2019-03-29 06:38:00', 0, 0, '2019-06-13 09:45:44', '2019-06-13 09:45:44'),
(452, '985', 'Ali Mustofa', 'out', '2019-03-30 07:36:00', 0, 1, '2019-06-13 09:45:44', '2019-06-13 09:45:44');
INSERT INTO `absensi_guru` (`id_absensi_guru`, `kode_absensi`, `nama`, `jenis`, `timestamp`, `min`, `max`, `created_at`, `updated_at`) VALUES
(453, '985', 'Ali Mustofa', 'out', '2019-03-30 07:36:00', 0, 1, '2019-06-13 09:45:44', '2019-06-13 09:45:44'),
(454, '985', 'Ali Mustofa', 'out', '2019-03-30 13:59:00', 0, 1, '2019-06-13 09:45:44', '2019-06-13 09:45:44'),
(455, '985', 'Ali Mustofa', 'out', '2019-03-30 13:59:00', 0, 1, '2019-06-13 09:45:44', '2019-06-13 09:45:44'),
(456, '985', 'Ali Mustofa', 'out', '2019-03-30 13:59:00', 0, 1, '2019-06-13 09:45:44', '2019-06-13 09:45:44'),
(457, '985', 'Ali Mustofa', 'in', '2019-04-01 06:43:00', 0, 0, '2019-06-13 09:45:44', '2019-06-13 09:45:44'),
(458, '985', 'Ali Mustofa', 'in', '2019-04-02 06:33:00', 0, 0, '2019-06-13 09:45:44', '2019-06-13 09:45:44'),
(459, '985', 'Ali Mustofa', 'in', '2019-04-04 06:31:00', 0, 0, '2019-06-13 09:45:44', '2019-06-13 09:45:44'),
(460, '985', 'Ali Mustofa', 'in', '2019-04-08 06:32:00', 0, 0, '2019-06-13 09:45:44', '2019-06-13 09:45:44'),
(461, '985', 'Ali Mustofa', 'in', '2019-04-09 06:45:00', 0, 0, '2019-06-13 09:45:44', '2019-06-13 09:45:44'),
(462, '985', 'Ali Mustofa', 'in', '2019-04-10 06:29:00', 0, 0, '2019-06-13 09:45:44', '2019-06-13 09:45:44'),
(463, '985', 'Ali Mustofa', 'in', '2019-04-11 06:33:00', 0, 0, '2019-06-13 09:45:44', '2019-06-13 09:45:44'),
(464, '985', 'Ali Mustofa', 'in', '2019-04-12 06:33:00', 0, 0, '2019-06-13 09:45:44', '2019-06-13 09:45:44'),
(465, '985', 'Ali Mustofa', 'in', '2019-04-13 06:30:00', 0, 0, '2019-06-13 09:45:44', '2019-06-13 09:45:44'),
(466, '985', 'Ali Mustofa', 'in', '2019-04-15 06:22:00', 0, 0, '2019-06-13 09:45:44', '2019-06-13 09:45:44'),
(467, '985', 'Ali Mustofa', 'in', '2019-04-16 06:40:00', 0, 0, '2019-06-13 09:45:44', '2019-06-13 09:45:44');

-- --------------------------------------------------------

--
-- Table structure for table `ci_sessions`
--

CREATE TABLE `ci_sessions` (
  `id` varchar(128) NOT NULL,
  `ip_address` varchar(45) NOT NULL,
  `timestamp` int(10) UNSIGNED NOT NULL DEFAULT '0',
  `data` blob NOT NULL
) ENGINE=MyISAM DEFAULT CHARSET=latin1;

-- --------------------------------------------------------

--
-- Table structure for table `dashboard_notes`
--

CREATE TABLE `dashboard_notes` (
  `id` int(11) NOT NULL,
  `jenis` varchar(10) NOT NULL,
  `notes` varchar(500) DEFAULT NULL,
  `created_at` datetime DEFAULT NULL,
  `updated_at` datetime DEFAULT NULL
) ENGINE=InnoDB DEFAULT CHARSET=latin1;

--
-- Dumping data for table `dashboard_notes`
--

INSERT INTO `dashboard_notes` (`id`, `jenis`, `notes`, `created_at`, `updated_at`) VALUES
(1, '1', 'catatan hari rabu tanggal 22 MEI\n- catatan tes 123\n- absensi yang hadir sebanyak 20 orang\n', '2019-05-22 06:02:51', NULL);

-- --------------------------------------------------------

--
-- Table structure for table `events`
--

CREATE TABLE `events` (
  `id` int(9) NOT NULL,
  `name` varchar(255) NOT NULL,
  `user_id` int(11) NOT NULL,
  `is_open` tinyint(1) NOT NULL DEFAULT '1',
  `date_opened` datetime NOT NULL,
  `date_closed` datetime NOT NULL
) ENGINE=MyISAM DEFAULT CHARSET=utf8;

-- --------------------------------------------------------

--
-- Table structure for table `jadwal_guru`
--

CREATE TABLE `jadwal_guru` (
  `id_jadwal_guru` int(11) NOT NULL,
  `id_guru` varchar(128) NOT NULL,
  `id_kelas` varchar(128) NOT NULL,
  `hari` varchar(100) DEFAULT NULL,
  `id_jam_pelajaran` varchar(128) NOT NULL,
  `jam_mulai` time DEFAULT NULL,
  `jam_selesai` time DEFAULT NULL,
  `id_mata_pelajaran` varchar(128) NOT NULL,
  `created_at` datetime DEFAULT NULL,
  `updated_at` datetime DEFAULT NULL,
  `deleted_at` datetime DEFAULT NULL
) ENGINE=MyISAM DEFAULT CHARSET=latin1;

--
-- Dumping data for table `jadwal_guru`
--

INSERT INTO `jadwal_guru` (`id_jadwal_guru`, `id_guru`, `id_kelas`, `hari`, `id_jam_pelajaran`, `jam_mulai`, `jam_selesai`, `id_mata_pelajaran`, `created_at`, `updated_at`, `deleted_at`) VALUES
(31, '1082', '2', '2', '', '11:15:00', '12:15:00', '10', '2019-05-06 23:06:26', '2019-05-06 23:06:26', NULL),
(2, '1071', '1', '2', '', '09:00:00', '10:00:00', '5', '2019-04-29 20:04:34', '2019-04-29 20:04:34', NULL),
(3, '1072', '1', '2', '', '11:10:00', '12:30:00', '3', '2019-04-29 20:05:10', '2019-04-29 20:05:10', NULL),
(4, '1077', '1', '2', '', '11:15:00', '12:15:00', '9', '2019-04-29 20:05:58', '2019-04-29 20:05:58', NULL),
(5, '1075', '2', '2', '', '08:00:00', '09:00:00', '1', '2019-04-29 20:06:37', '2019-04-29 20:06:37', NULL),
(6, '1080', '2', '2', '', '09:00:00', '10:00:00', '6', '2019-04-29 20:07:15', '2019-04-29 20:07:15', NULL),
(7, '1071', '2', '2', '', '10:15:00', '11:15:00', '5', '2019-04-29 20:07:55', '2019-04-29 20:07:55', NULL),
(8, '1086', '2', '2', '', '13:30:00', '14:50:00', '2', '2019-04-29 20:17:36', '2019-04-29 20:17:36', NULL),
(9, '1081', '3', '2', '', '08:10:00', '09:30:00', '3', '2019-04-29 20:18:27', '2019-04-29 20:18:27', NULL),
(10, '1081', '4', '2', '', '08:00:00', '09:00:00', '3', '2019-04-29 20:24:10', '2019-04-29 20:24:10', NULL),
(11, '1082', '4', '2', '', '09:00:00', '10:00:00', '10', '2019-04-29 20:25:07', '2019-04-29 20:25:07', NULL),
(12, '1080', '4', '2', '', '08:00:00', '09:00:00', '6', '2019-04-29 20:26:07', '2019-04-29 20:26:07', NULL),
(13, '1082', '1', '2', '', '08:00:00', '09:00:00', '10', '2019-04-30 01:07:57', '2019-04-30 01:07:57', NULL),
(14, '1072', '1', '4', '', '08:10:00', '09:30:00', '3', '2019-05-01 15:42:59', '2019-05-01 15:42:59', NULL),
(15, '1076', '1', '4', '', '09:30:00', '11:10:00', '7', '2019-05-01 15:45:04', '2019-05-01 15:45:04', NULL),
(16, '1080', '1', '4', '', '13:30:00', '14:50:00', '6', '2019-05-01 16:00:43', '2019-05-01 16:00:43', NULL),
(17, '1076', '2', '4', '', '08:10:00', '09:30:00', '7', '2019-05-01 16:02:34', '2019-05-01 16:02:34', NULL),
(18, '1080', '2', '4', '', '11:10:00', '12:30:00', '6', '2019-05-01 16:04:00', '2019-05-01 16:04:00', NULL),
(19, '1081', '2', '4', '', '08:00:00', '09:00:00', '3', '2019-05-01 16:06:05', '2019-05-01 16:06:05', NULL),
(20, '1082', '4', '4', '', '08:00:00', '09:00:00', '10', '2019-05-01 16:07:34', '2019-05-01 16:07:34', NULL),
(21, '1081', '4', '4', '', '09:00:00', '10:10:00', '3', '2019-05-01 16:08:30', '2019-05-01 16:08:30', NULL),
(22, '1077', '1', '5', '', '08:00:00', '09:00:00', '8', '2019-05-01 16:12:09', '2019-05-01 16:12:09', NULL),
(23, '1073', '1', '5', '', '09:00:00', '10:00:00', '4', '2019-05-01 16:23:28', '2019-05-01 16:23:28', NULL),
(24, '1072', '1', '5', '', '10:15:00', '11:15:00', '3', '2019-05-01 16:24:16', '2019-05-01 16:24:16', NULL),
(25, '1075', '2', '5', '', '08:10:00', '09:30:00', '1', '2019-05-01 16:25:10', '2019-05-01 16:25:10', NULL),
(26, '1082', '2', '5', '', '08:00:00', '09:00:00', '10', '2019-05-01 16:25:48', '2019-05-01 16:25:48', NULL),
(27, '1081', '4', '5', '', '09:00:00', '10:00:00', '3', '2019-05-01 16:26:34', '2019-05-01 16:26:34', NULL),
(28, '1085', '4', '5', '', '08:10:00', '09:30:00', '13', '2019-05-01 16:27:36', '2019-05-01 16:27:36', NULL),
(29, '1077', '4', '5', '', '10:15:00', '11:15:00', '8', '2019-05-01 16:28:06', '2019-05-01 16:28:06', NULL),
(133, '1082', '4', '5', '', '09:00:00', '10:00:00', '10', '2019-05-01 16:25:48', '2019-05-01 16:25:48', NULL),
(32, '1075', '4', '2', '', '11:15:00', '12:15:00', '1', '2019-05-06 23:08:21', '2019-05-06 23:08:21', NULL),
(121, '1080', '2', '2', '', '09:00:00', '10:00:00', '6', '2019-04-29 20:26:07', '2019-04-29 20:26:07', NULL),
(122, '1075', '1', '3', '', '08:00:00', '09:00:00', '1', '2019-05-07 23:10:12', '2019-05-07 23:10:12', NULL),
(123, '1082', '1', '3', '', '09:00:00', '10:10:00', '10', '2019-05-07 23:15:46', '2019-05-07 23:15:46', NULL),
(124, '1081', '2', '3', '', '08:00:00', '09:00:00', '3', '2019-05-07 23:17:14', '2019-05-07 23:17:14', NULL),
(125, '1073', '4', '3', '', '08:00:00', '09:00:00', '4', '2019-05-07 23:18:55', '2019-05-07 23:18:55', NULL),
(126, '1077', '2', '3', '', '09:00:00', '10:10:00', '9', '2019-05-07 23:19:47', '2019-05-07 23:19:47', NULL),
(127, '1082', '1', '4', '', '09:00:00', '10:10:00', '10', '2019-05-09 01:00:26', '2019-05-09 01:00:26', NULL),
(129, '1082', '2', '4', '', '11:15:00', '12:15:00', '10', '2019-05-09 01:13:20', '2019-05-09 01:13:20', NULL),
(130, '1083', '2', '4', '', '10:15:00', '11:15:00', '12', '2019-05-09 01:22:31', '2019-05-09 01:22:31', NULL),
(131, '1083', '1', '4', '', '11:15:00', '12:15:00', '12', '2019-05-09 01:23:15', '2019-05-09 01:23:15', NULL),
(132, '1077', '2', '5', '', '09:00:00', '10:00:00', '8', '2019-05-01 16:12:09', '2019-05-01 16:12:09', NULL),
(134, '1081', '2', '5', '', '10:15:00', '11:15:00', '3', '2019-05-01 16:26:34', '2019-05-01 16:26:34', NULL);

-- --------------------------------------------------------

--
-- Table structure for table `jam_pelajaran`
--

CREATE TABLE `jam_pelajaran` (
  `id_jam_pelajaran` int(11) NOT NULL,
  `jam_ke` int(11) DEFAULT NULL,
  `jam_mulai` time DEFAULT NULL,
  `jam_selesai` time DEFAULT NULL,
  `created_at` datetime DEFAULT NULL,
  `updated_at` datetime DEFAULT NULL,
  `deleted_at` datetime DEFAULT NULL
) ENGINE=MyISAM DEFAULT CHARSET=latin1;

--
-- Dumping data for table `jam_pelajaran`
--

INSERT INTO `jam_pelajaran` (`id_jam_pelajaran`, `jam_ke`, `jam_mulai`, `jam_selesai`, `created_at`, `updated_at`, `deleted_at`) VALUES
(1, 0, '07:30:00', '08:00:00', '2019-04-29 19:57:12', '2019-05-06 17:46:39', NULL),
(2, 1, '08:00:00', '08:30:00', '2019-04-29 19:57:37', '2019-04-29 19:57:37', NULL),
(3, 2, '08:30:00', '09:00:00', '2019-04-29 19:58:25', '2019-04-29 19:58:25', NULL),
(4, 3, '09:00:00', '09:30:00', '2019-04-29 19:59:04', '2019-04-29 19:59:04', NULL),
(5, 4, '09:30:00', '10:00:00', '2019-04-29 19:59:25', '2019-04-29 19:59:25', NULL),
(6, 5, '10:15:00', '10:45:00', '2019-04-29 19:59:51', '2019-04-29 19:59:51', NULL),
(7, 6, '10:45:00', '11:15:00', '2019-04-29 20:00:54', '2019-04-29 20:00:54', NULL),
(8, 7, '11:15:00', '11:45:00', '2019-04-29 20:01:34', '2019-04-29 20:01:34', NULL),
(9, 8, '11:45:00', '12:15:00', '2019-04-29 20:02:10', '2019-04-29 20:02:10', NULL),
(10, 9, '14:10:00', '14:50:00', '2019-04-29 20:02:35', '2019-04-29 20:02:35', NULL),
(11, 10, '15:15:00', '16:30:00', '2019-04-29 20:02:55', '2019-04-29 20:02:55', NULL);

-- --------------------------------------------------------

--
-- Table structure for table `jurnal_guru_ekstra`
--

CREATE TABLE `jurnal_guru_ekstra` (
  `id_jurnal` varchar(100) NOT NULL,
  `id_guru` int(11) NOT NULL,
  `id_jadwal_guru` int(11) NOT NULL,
  `id_kelas` int(11) DEFAULT NULL,
  `minggu_ke` int(11) DEFAULT NULL,
  `id_subjek` int(11) NOT NULL,
  `jam_hadir` time DEFAULT NULL,
  `jam_keluar` time DEFAULT NULL,
  `status` int(11) NOT NULL,
  `kompetensi_dasar` text,
  `catatan` text,
  `dokumentasi` varchar(255) DEFAULT NULL,
  `created_at` datetime DEFAULT NULL,
  `updated_at` datetime DEFAULT NULL,
  `deleted_at` datetime DEFAULT NULL
) ENGINE=MyISAM DEFAULT CHARSET=latin1;

--
-- Dumping data for table `jurnal_guru_ekstra`
--

INSERT INTO `jurnal_guru_ekstra` (`id_jurnal`, `id_guru`, `id_jadwal_guru`, `id_kelas`, `minggu_ke`, `id_subjek`, `jam_hadir`, `jam_keluar`, `status`, `kompetensi_dasar`, `catatan`, `dokumentasi`, `created_at`, `updated_at`, `deleted_at`) VALUES
('5cd0e70adfbc7695109472000', 1080, 12, 4, 19, 1, '09:01:46', '10:04:28', 3, 'Ulangan harian \"Surat\"                               ', '                                                                            ', '-', '2019-05-07 09:01:46', '2019-05-07 10:04:28', NULL),
('5cd241a59ba4f053099081027', 1075, 22, 1, 19, 1, '09:40:37', '09:41:45', 3, 'Reporter Speech review and exercise\r\n\r\nPosters of play (Exercise Workbook pg. 107)                                                                  ', '                                                                     ', '-', '2019-05-08 09:40:37', '2019-05-08 09:41:45', NULL),
('5cd241f190e3a800309025195', 1075, 22, 1, 19, 1, '09:41:53', '09:41:57', 3, NULL, NULL, NULL, '2019-05-08 09:41:53', '2019-05-08 09:41:57', NULL),
('5cd2433b2ac0e010850392902', 1077, 25, 2, 19, 1, '09:47:23', NULL, 1, NULL, NULL, NULL, '2019-05-08 09:47:23', '2019-05-08 09:47:23', NULL),
('5cc7ab5f61d1e943010080742', 1075, 5, 2, 18, 1, '08:56:47', '09:34:42', 3, 'Reported Speech                                               ', 'Luthfan masih tampak belum memahami, namun bagi Azmi topik ini terlalu mudah.                                                                         ', '-', '2019-04-30 08:56:47', '2019-04-30 09:34:42', NULL),
('5cc7b7e86ccc2931210004960', 1082, 13, 1, 18, 1, '09:50:16', '09:51:39', 3, '                                                                            Magnets', '                                                                            ', '-', '2019-04-30 09:50:16', '2019-04-30 09:51:39', NULL),
('5cc7bb27cc7bc014000132709', 1081, 10, 4, 18, 1, '10:04:07', '10:04:44', 3, '                                  Stem and leaf diagram                                          ', '                                                                            ', '-', '2019-04-30 10:04:07', '2019-04-30 10:04:44', NULL),
('5cc7bdbb248d3010100043972', 1080, 6, 2, 18, 1, '10:15:07', '11:17:41', 3, 'Menulis surat pribadi                                      ', 'Anak-anak menulis surat pribadi dg berbagai tema dan menyelesaikannya dengan tepat waktu.                                                       ', '-', '2019-04-30 10:15:07', '2019-04-30 11:17:41', NULL),
('5cc7ec75a0709900231200149', 1080, 12, 4, 18, 1, '13:34:29', '14:56:12', 3, NULL, NULL, NULL, '2019-04-30 13:34:29', '2019-04-30 14:56:12', NULL),
('5ccb95fc44899920508003136', 1075, 25, 2, 18, 1, '08:14:36', '14:34:16', 3, 'Reporter Speech (exercise)\r\nReading Exercise (Pg. 107)                                                                     ', 'Most of students did well. \r\nLuthfan still experienced difficulty.                                                                         ', '-', '2019-05-03 08:14:36', '2019-05-03 14:34:16', NULL),
('5ce61b1bb20eb532103011921', 1072, 14, 1, 21, 1, '11:01:31', NULL, 1, NULL, NULL, NULL, '2019-05-23 11:01:31', '2019-05-23 11:01:31', NULL);

-- --------------------------------------------------------

--
-- Table structure for table `kehadiran`
--

CREATE TABLE `kehadiran` (
  `kehadiran_id` int(11) NOT NULL,
  `kehadiran_siswa` varchar(128) NOT NULL,
  `kehadiran_timestamp` varchar(255) DEFAULT NULL,
  `kehadiran_verification` tinyint(1) DEFAULT NULL COMMENT '0 = tepat, 1 = sakit, 2 = ijin, 3 = telat'
) ENGINE=MyISAM DEFAULT CHARSET=latin1;

--
-- Dumping data for table `kehadiran`
--

INSERT INTO `kehadiran` (`kehadiran_id`, `kehadiran_siswa`, `kehadiran_timestamp`, `kehadiran_verification`) VALUES
(105, '3094-1819580', '2019-04-29 10:53:53', 0),
(106, '2.0616.2401', '2019-04-29 11:00:52', 0),
(107, '3094-1819614', '2019-04-29 11:01:13', 0),
(108, '3094-1819611', '2019-04-29 11:05:20', 0),
(109, '3094-1819576', '2019-04-29 11:05:31', 0),
(110, '3094-1819602', '2019-04-29 11:08:41', 0),
(111, '3094-1819604', '2019-04-29 11:10:00', 0),
(112, '3094-1819612', '2019-04-29 11:17:28', 0),
(113, '3094-1819599', '2019-04-29 11:23:41', 0),
(114, '3094-1819590', '2019-04-29 11:23:47', 0),
(115, '3094-1819598', '2019-04-29 11:25:21', 0),
(116, '3094-1819584', '2019-04-29 11:25:31', 0),
(117, '3094-1819578', '2019-04-29 11:25:37', 0),
(118, '3094-1819600', '2019-04-29 11:34:40', 0),
(119, '3094-1819596', '2019-04-29 11:34:49', 0),
(120, '3094-1819582', '2019-04-29 11:34:55', 0),
(121, '3094-1819595', '2019-04-29 11:35:00', 0),
(122, '3094-1819606', '2019-04-29 11:35:35', 0),
(123, '3094-1819625', '2019-04-29 11:36:44', 0),
(124, '3094-1819594', '2019-04-29 11:37:13', 0),
(125, '3094-1819608', '2019-04-29 11:37:19', 0),
(126, '3094-1819601', '2019-04-29 11:39:25', 0),
(127, '3094-1819577', '2019-04-29 20:17:55', 0),
(128, '3094-1819589', '2019-04-29 20:24:56', 0),
(129, '3094-1819588', '2019-04-29 20:29:18', 0),
(130, '3094-1819587', '2019-04-29 20:29:38', 0),
(131, '3094-1819586', '2019-04-29 20:33:01', 0),
(132, '3094-1819581', '2019-04-29 20:33:08', 0),
(133, '3094-1819619', '2019-04-29 21:15:11', 0),
(134, '3094-1819618', '2019-04-29 21:15:35', 0),
(135, '3094-1819592', '2019-04-29 21:15:44', 0),
(136, '3094-1819591', '2019-04-29 21:15:50', 0),
(137, '3094-1819583', '2019-04-29 21:17:10', 0),
(138, '1.0701.2294', '2019-04-29 21:19:23', 0),
(139, '3094-1819625', '2019-04-30 07:00:11', 0),
(140, '3094-1819600', '2019-04-30 07:01:12', 0),
(141, '3094-1819581', '2019-04-30 07:01:35', 0),
(142, '3094-1819626', '2019-04-30 07:02:08', 0),
(143, '3094-1819614', '2019-04-30 07:02:26', 0),
(144, '3094-1819628', '2019-04-30 07:08:11', 0),
(145, '3094-1819599', '2019-04-30 07:09:34', 0),
(146, '3094-1819604', '2019-04-30 08:58:48', 0),
(147, '3094-1819583', '2019-04-30 08:59:06', 0),
(148, '3094-1819606', '2019-04-30 09:53:02', 0),
(149, '3094-1819609', '2019-04-30 09:55:20', 0),
(150, '3094-1819594', '2019-05-02 06:46:35', 0),
(151, '3094-1819621', '2019-05-02 06:48:10', 0),
(152, '3094-1819606', '2019-05-02 06:49:07', 0),
(153, '3094-1819619', '2019-05-02 06:52:17', 0),
(154, '3094-1819616', '2019-05-02 06:52:50', 0),
(155, '3094-1819589', '2019-05-02 06:53:35', 0),
(156, '3094-1819597', '2019-05-02 06:54:11', 0),
(157, '3094-1819607', '2019-05-02 06:54:35', 0),
(158, '3094-1819613', '2019-05-02 06:54:50', 0),
(159, '3094-1819624', '2019-05-02 06:55:27', 0),
(160, '3094-1819605', '2019-05-02 06:56:04', 0),
(161, '3094-1819600', '2019-05-02 06:56:13', 0),
(162, '3094-1819614', '2019-05-02 06:56:25', 0),
(163, '3094-1819601', '2019-05-02 06:56:39', 0),
(164, '3094-1819593', '2019-05-02 06:58:07', 0),
(165, '3094-1819625', '2019-05-02 06:58:31', 0),
(166, '3094-1819626', '2019-05-02 06:59:17', 0),
(167, '3094-1819598', '2019-05-02 06:59:32', 0),
(168, '3094-1819581', '2019-05-02 06:59:47', 0),
(169, '3094-1819608', '2019-05-02 07:00:37', 0),
(170, '3094-1819622', '2019-05-02 07:00:45', 0),
(171, '3094-1819586', '2019-05-02 07:00:58', 0),
(172, '3094-1819620', '2019-05-02 07:01:29', 0),
(173, '3094-1819577', '2019-05-02 07:01:37', 0),
(174, '3094-1819628', '2019-05-02 07:01:53', 0),
(175, '3094-1819578', '2019-05-02 07:02:01', 0),
(176, '3094-1819579', '2019-05-02 07:02:08', 0),
(177, '3094-1819599', '2019-05-02 07:12:27', 0),
(178, '3094-1819576', '2019-05-02 07:19:06', 0),
(179, '3094-1819580', '2019-05-02 07:21:02', 0),
(180, '3094-1819582', '2019-05-02 07:23:08', 0),
(181, '3094-1819618', '2019-05-03 06:51:05', 0),
(182, '3094-1819608', '2019-05-03 06:51:14', 0),
(183, '3094-1819593', '2019-05-03 06:51:18', 0),
(184, '3094-1819580', '2019-05-03 06:51:25', 0),
(185, '3094-1819617', '2019-05-03 06:51:37', 0),
(186, '3094-1819591', '2019-05-03 06:51:48', 0),
(187, '3094-1819601', '2019-05-03 06:52:33', 0),
(188, '3094-1819606', '2019-05-03 06:55:12', 0),
(189, '3094-1819578', '2019-05-03 06:55:32', 0),
(190, '3094-1819624', '2019-05-03 06:57:38', 0),
(191, '3094-1819598', '2019-05-03 06:58:18', 0),
(192, '3094-1819595', '2019-05-06 21:06:01', 0),
(193, '3094-1819587', '2019-05-06 21:07:18', 0),
(194, '3094-1819583', '2019-05-07 08:17:45', 0),
(195, '3094-1819578', '2019-05-07 08:23:28', 0),
(196, '3094-1819601', '2019-05-07 21:27:29', 0),
(197, '3094-1819613', '2019-05-08 07:27:36', 0),
(198, '3094-1819592', '2019-05-08 07:27:55', 0),
(199, '3094-1819605', '2019-05-08 07:28:04', 0),
(200, '3094-1819587', '2019-05-08 07:29:04', 0),
(201, '3094-1819589', '2019-05-08 07:30:05', 0),
(202, '3094-1819598', '2019-05-08 07:30:19', 0),
(203, '3094-1819620', '2019-05-08 07:33:17', 0),
(204, '3094-1819581', '2019-05-08 07:33:44', 0),
(205, '3094-1819625', '2019-05-08 07:33:51', 0),
(206, '3094-1819577', '2019-05-08 07:34:12', 0),
(207, '3094-1819579', '2019-05-08 07:35:07', 0),
(208, '3094-1819590', '2019-05-08 07:36:56', 0),
(209, '3094-1819586', '2019-05-08 07:38:31', 0),
(210, '3094-1819599', '2019-05-08 07:41:25', 0),
(211, '3094-1819591', '2019-05-08 07:48:01', 0),
(212, '3094-1819617', '2019-05-08 07:48:18', 0),
(213, '3094-1819600', '2019-05-08 07:48:35', 0),
(214, '3094-1819596', '2019-05-08 07:48:43', 0),
(215, '3094-1819594', '2019-05-08 07:49:00', 0),
(216, '3094-1819582', '2019-05-08 07:49:09', 0),
(217, '3094-1819602', '2019-05-08 07:49:30', 0),
(218, '3094-1819626', '2019-05-08 07:49:43', 0),
(219, '3094-1819615', '2019-05-08 07:49:47', 0),
(220, '3094-1819609', '2019-05-08 07:49:52', 0),
(221, '3094-1819604', '2019-05-08 07:50:20', 0),
(222, '3094-1819601', '2019-05-08 07:50:26', 0),
(223, '3094-1819607', '2019-05-08 07:50:30', 0),
(224, '3094-1819576', '2019-05-08 07:51:14', 0),
(225, '3094-1819578', '2019-05-08 07:51:22', 0),
(226, '3094-1819584', '2019-05-08 07:51:28', 0),
(227, '3094-1819621', '2019-05-08 07:52:32', 0),
(228, '3094-1819616', '2019-05-08 07:52:36', 0),
(229, '3094-1819588', '2019-05-08 07:58:08', 0),
(230, '3094-1819606', '2019-05-08 07:58:28', 0),
(231, '3094-1819619', '2019-05-08 07:58:49', 0),
(232, '3094-1819612', '2019-05-08 07:58:54', 0),
(233, '3094-1819593', '2019-05-08 07:59:35', 0),
(234, '3094-1819623', '2019-05-08 08:06:13', 0),
(235, '3094-1819583', '2019-05-08 08:06:30', 0),
(236, '3094-1819622', '2019-05-08 08:07:01', 0),
(237, '3094-1819608', '2019-05-08 08:07:24', 0),
(238, '3094-1819597', '2019-05-08 08:07:37', 0),
(239, '3094-1819603', '2019-05-08 08:07:42', 0),
(240, '3094-1819610', '2019-05-08 09:01:56', 0),
(241, '3094-1819585', '2019-05-07 09:02:08', 0),
(242, '3094-1819590', '2019-05-09 07:34:38', 0),
(243, '3094-1819584', '2019-05-09 07:36:35', 0),
(244, '3094-1819625', '2019-05-09 07:37:12', 0),
(245, '3094-1819586', '2019-05-09 07:40:19', 0),
(246, '3094-1819588', '2019-05-09 07:53:41', 0),
(247, '3094-1819592', '2019-05-14 06:55:16', 0),
(248, '3094-1819619', '2019-05-14 06:55:26', 0),
(249, '3094-1819623', '2019-05-14 06:55:37', 0),
(250, '3094-1819621', '2019-05-14 06:55:47', 0),
(251, '3094-1819590', '2019-05-14 06:56:18', 0),
(252, '3094-1819606', '2019-05-14 06:56:52', 0),
(253, '3094-1819616', '2019-05-14 06:57:16', 0),
(254, '3094-1819614', '2019-05-14 06:57:24', 0),
(255, '3094-1819627', '2019-05-14 06:59:27', 0),
(256, '3094-1819611', '2019-05-14 06:59:54', 0),
(257, '3094-1819608', '2019-05-14 07:01:00', 0),
(258, '3094-1819612', '2019-05-14 07:01:07', 0),
(259, '3094-1819597', '2019-05-14 07:01:22', 0),
(260, '3094-1819576', '2019-05-14 07:01:45', 0),
(261, '3094-1819626', '2019-05-14 07:04:26', 0),
(262, '3094-1819610', '2019-05-14 07:04:35', 0),
(263, '3094-1819582', '2019-05-14 07:04:39', 0),
(264, '3094-1819594', '2019-05-14 07:05:09', 0),
(265, '3094-1819609', '2019-05-14 07:05:23', 0),
(266, '3094-1819607', '2019-05-14 07:05:54', 0),
(267, '3094-1819587', '2019-05-14 07:10:38', 0),
(268, '3094-1819624', '2019-05-14 07:11:11', 0),
(269, '3094-1819581', '2019-05-14 07:11:19', 0),
(270, '3094-1819593', '2019-05-14 07:11:42', 0),
(271, '3094-1819579', '2019-05-14 07:13:12', 0),
(272, '3094-1819598', '2019-05-14 07:13:19', 0),
(273, '3094-1819578', '2019-05-14 07:17:04', 0),
(274, '3094-1819620', '2019-05-14 07:18:21', 0),
(275, '3094-1819591', '2019-05-14 07:18:48', 0),
(276, '3094-1819580', '2019-05-14 07:22:08', 0),
(277, '3094-1819599', '2019-05-14 07:23:53', 0),
(278, '3094-1819577', '2019-05-14 07:26:37', 0),
(279, '3094-1819589', '2019-05-14 07:26:48', 0),
(280, '3094-1819600', '2019-05-14 07:27:15', 0),
(281, '3094-1819583', '2019-05-14 07:29:02', 0),
(282, '3094-1819603', '2019-05-14 07:30:15', 0),
(283, '3094-1819605', '2019-05-14 07:30:42', 0),
(284, '3094-1819586', '2019-05-14 07:37:35', 0),
(285, '3094-1819584', '2019-05-14 07:41:12', 0),
(286, '3094-1819621', '2019-05-15 07:08:48', 0),
(287, '3094-1819610', '2019-05-15 07:09:05', 0),
(288, '3094-1819581', '2019-05-15 07:09:09', 0),
(289, '3094-1819594', '2019-05-15 07:09:20', 0),
(290, '3094-1819609', '2019-05-15 07:09:29', 0),
(291, '3094-1819608', '2019-05-15 07:09:38', 0),
(292, '3094-1819590', '2019-05-15 07:10:19', 0),
(293, '3094-1819624', '2019-05-15 07:10:24', 0),
(294, '3094-1819593', '2019-05-15 07:11:17', 0),
(295, '3094-1819576', '2019-05-15 07:11:57', 0),
(296, '3094-1819596', '2019-05-15 07:12:01', 0),
(297, '3094-1819612', '2019-05-15 07:13:43', 0),
(298, '3094-1819607', '2019-05-15 07:14:03', 0),
(299, '3094-1819601', '2019-05-15 07:14:18', 0),
(300, '3094-1819580', '2019-05-15 07:14:38', 0),
(301, '3094-1819614', '2019-05-15 07:15:14', 0),
(302, '3094-1819616', '2019-05-15 07:15:55', 0),
(303, '3094-1819628', '2019-05-15 07:17:41', 0),
(304, '3094-1819591', '2019-05-15 07:20:06', 0),
(305, '3094-1819578', '2019-05-15 07:20:29', 0),
(306, '3094-1819586', '2019-05-15 07:22:40', 0),
(307, '3094-1819600', '2019-05-15 07:22:59', 0),
(308, '3094-1819583', '2019-05-15 07:23:47', 0),
(309, '3094-1819589', '2019-05-15 07:24:24', 0),
(310, '3094-1819577', '2019-05-15 07:25:16', 0),
(311, '3094-1819603', '2019-05-15 07:29:02', 0),
(312, '3094-1819605', '2019-05-15 07:30:35', 0),
(313, '3094-1819584', '2019-05-15 07:31:56', 0),
(314, '3094-1819620', '2019-05-15 07:32:26', 0),
(315, '3094-1819594', '2019-05-16 07:02:23', 0),
(316, '3094-1819592', '2019-05-16 07:03:15', 0),
(317, '3094-1819597', '2019-05-16 07:06:27', 0),
(318, '3094-1819580', '2019-05-16 07:07:47', 0),
(319, '3094-1819610', '2019-05-16 07:08:24', 0),
(320, '3094-1819586', '2019-05-16 07:08:35', 0),
(321, '3094-1819607', '2019-05-16 07:09:03', 0),
(322, '3094-1819608', '2019-05-16 07:10:07', 0),
(323, '3094-1819593', '2019-05-16 07:10:20', 0),
(324, '3094-1819613', '2019-05-16 07:12:02', 0),
(325, '3094-1819582', '2019-05-16 07:13:01', 0),
(326, '3094-1819581', '2019-05-16 07:13:35', 0),
(327, '3094-1819616', '2019-05-16 07:14:06', 0),
(328, '3094-1819621', '2019-05-16 07:14:15', 0),
(329, '3094-1819619', '2019-05-16 07:14:21', 0),
(330, '3094-1819590', '2019-05-16 07:15:02', 0),
(331, '3094-1819591', '2019-05-16 07:15:39', 0),
(332, '3094-1819578', '2019-05-16 07:15:57', 0),
(333, '3094-1819624', '2019-05-16 07:16:49', 0),
(334, '3094-1819614', '2019-05-16 07:19:15', 0),
(335, '3094-1819599', '2019-05-16 07:23:07', 0),
(336, '3094-1819584', '2019-05-16 07:24:36', 0),
(337, '3094-1819620', '2019-05-16 07:25:18', 0),
(338, '3094-1819577', '2019-05-16 07:27:28', 0),
(339, '3094-1819628', '2019-05-16 07:28:05', 0),
(340, '3094-1819583', '2019-05-16 07:29:03', 0),
(341, '3094-1819605', '2019-05-16 07:29:12', 0),
(342, '3094-1819600', '2019-05-16 07:30:07', 0),
(343, '3094-1819603', '2019-05-16 07:30:41', 0),
(344, '3094-1819579', '2019-05-16 07:31:46', 0),
(345, '3094-1819623', '2019-05-17 06:53:56', 0),
(346, '3094-1819589', '2019-05-17 06:54:51', 0),
(347, '3094-1819576', '2019-05-17 06:54:58', 0),
(348, '3094-1819588', '2019-05-17 06:55:34', 0),
(349, '3094-1819596', '2019-05-17 06:56:26', 0),
(350, '3094-1819626', '2019-05-17 06:58:53', 0),
(351, '3094-1819608', '2019-05-17 06:59:59', 0),
(352, '3094-1819580', '2019-05-17 07:00:18', 0),
(353, '3094-1819587', '2019-05-17 07:02:59', 0),
(354, '3094-1819591', '2019-05-17 07:03:08', 0),
(355, '3094-1819611', '2019-05-17 07:04:02', 0),
(356, '3094-1819586', '2019-05-17 07:04:15', 0),
(357, '3094-1819621', '2019-05-17 07:04:21', 0),
(358, '3094-1819614', '2019-05-17 07:04:56', 0),
(359, '3094-1819594', '2019-05-17 07:05:37', 0),
(360, '3094-1819601', '2019-05-17 07:05:53', 0),
(361, '3094-1819610', '2019-05-17 07:07:30', 0),
(362, '3094-1819582', '2019-05-17 07:07:43', 0),
(363, '3094-1819592', '2019-05-17 07:07:50', 0),
(364, '3094-1819578', '2019-05-17 07:08:33', 0),
(365, '3094-1819597', '2019-05-17 07:08:47', 0),
(366, '3094-1819613', '2019-05-17 07:13:06', 0),
(367, '3094-1819607', '2019-05-17 07:13:30', 0),
(368, '3094-1819620', '2019-05-17 07:14:03', 0),
(369, '3094-1819600', '2019-05-17 07:15:55', 0),
(370, '3094-1819624', '2019-05-17 07:16:46', 0),
(371, '3094-1819590', '2019-05-17 07:19:05', 0),
(372, '3094-1819619', '2019-05-17 07:19:24', 0),
(373, '3094-1819616', '2019-05-17 07:19:35', 0),
(374, '3094-1819581', '2019-05-17 07:19:37', 0),
(375, '3094-1819579', '2019-05-17 07:19:54', 0),
(376, '3094-1819599', '2019-05-17 07:20:51', 0),
(377, '3094-1819598', '2019-05-17 07:21:30', 0),
(378, '3094-1819584', '2019-05-17 07:23:32', 0),
(379, '3094-1819593', '2019-05-17 07:23:54', 0),
(380, '3094-1819605', '2019-05-17 07:30:24', 0),
(381, '3094-1819603', '2019-05-17 07:30:37', 0),
(382, '3094-1819628', '2019-05-17 07:30:43', 0),
(383, '3094-1819577', '2019-05-17 07:32:47', 0),
(384, '3094-1819589', '2019-05-19 18:25:56', 3),
(385, '3094-1819585', '2019-05-20 06:47:12', 3),
(386, '3094-1819604', '2019-05-20 06:47:22', 3),
(387, '3094-1819622', '2019-05-20 06:47:25', 3),
(388, '3094-1819616', '2019-05-20 06:51:00', 3),
(389, '3094-1819612', '2019-05-20 06:51:31', 1),
(390, '3094-1819595', '2019-05-20 06:54:28', 2),
(391, '3094-1819619', '2019-05-20 06:54:46', 3),
(392, '3094-1819618', '2019-05-20 06:55:15', 3),
(393, '3094-1819617', '2019-05-20 06:56:16', 1),
(394, '3094-1819596', '2019-05-20 06:56:52', 3),
(395, '3094-1819606', '2019-05-20 06:57:49', 3),
(396, '3094-1819610', '2019-05-20 06:58:31', 3),
(397, '3094-1819623', '2019-05-20 06:58:39', 2),
(398, '3094-1819588', '2019-05-20 06:59:30', 3),
(399, '3094-1819626', '2019-05-20 07:01:01', 3),
(400, '3094-1819609', '2019-05-20 07:01:28', 3),
(401, '3094-1819594', '2019-05-20 07:01:40', 3),
(402, '3094-1819592', '2019-05-20 07:02:02', 3),
(403, '3094-1819603', '2019-05-20 07:03:18', 3),
(404, '3094-1819591', '2019-05-20 07:06:29', 3),
(405, '3094-1819621', '2019-05-20 07:07:12', 3),
(406, '3094-1819601', '2019-05-20 07:07:21', 3),
(407, '3094-1819608', '2019-05-20 07:07:42', 2),
(408, '3094-1819611', '2019-05-20 07:07:59', 3),
(409, '3094-1819620', '2019-05-20 07:10:21', 3),
(410, '3094-1819598', '2019-05-20 07:10:27', 3),
(411, '3094-1819624', '2019-05-20 07:11:59', 3),
(412, '3094-1819589', '2019-05-20 07:13:04', 3),
(413, '3094-1819576', '2019-05-20 07:13:59', 1),
(414, '3094-1819593', '2019-05-20 07:14:47', 2),
(415, '3094-1819578', '2019-05-20 07:16:19', 3),
(416, '3094-1819613', '2019-05-20 07:17:23', 3),
(417, '3094-1819582', '2019-05-20 07:17:30', 3),
(418, '3094-1819614', '2019-05-20 07:17:37', 3),
(419, '3094-1819607', '2019-05-20 07:19:12', 3),
(420, '3094-1819580', '2019-05-20 07:20:00', 3),
(421, '3094-1819597', '2019-05-20 07:20:14', 3),
(422, '3094-1819590', '2019-05-20 07:20:27', 3),
(423, '3094-1819579', '2019-05-20 07:21:40', 3),
(424, '3094-1819599', '2019-05-20 07:23:50', 3),
(425, '3094-1819628', '2019-05-20 07:24:23', 3),
(426, '3094-1819581', '2019-05-20 07:27:19', 3),
(427, '3094-1819584', '2019-05-20 07:27:41', 3),
(428, '3094-1819577', '2019-05-20 07:27:46', 3),
(429, '3094-1819600', '2019-05-20 07:28:11', 3),
(430, '3094-1819605', '2019-05-20 07:34:37', 3),
(431, '3094-1819583', '2019-05-20 07:40:04', 3),
(432, '3094-1819623', '2019-05-21 07:01:39', 3),
(433, '3094-1819618', '2019-05-21 07:01:43', 2),
(434, '3094-1819619', '2019-05-21 07:01:52', 3),
(435, '3094-1819616', '2019-05-21 07:01:57', 3),
(436, '3094-1819622', '2019-05-21 07:02:07', 3),
(437, '3094-1819621', '2019-05-21 07:02:13', 3),
(438, '3094-1819594', '2019-05-21 07:02:27', 3),
(439, '3094-1819609', '2019-05-21 07:02:32', 3),
(440, '3094-1819582', '2019-05-21 07:02:54', 3),
(441, '3094-1819612', '2019-05-21 07:03:08', 3),
(442, '3094-1819611', '2019-05-21 07:03:34', 3),
(443, '3094-1819606', '2019-05-21 07:03:51', 3),
(444, '3094-1819580', '2019-05-21 07:04:16', 3),
(445, '3094-1819601', '2019-05-21 07:08:19', 3),
(446, '3094-1819593', '2019-05-21 07:08:52', 3),
(447, '3094-1819610', '2019-05-21 07:09:36', 3),
(448, '3094-1819587', '2019-05-21 07:09:57', 3),
(449, '3094-1819614', '2019-05-21 07:10:05', 3),
(450, '3094-1819598', '2019-05-21 07:12:33', 3),
(451, '3094-1819608', '2019-05-21 07:13:49', 3),
(452, '3094-1819603', '2019-05-21 07:14:51', 3),
(453, '3094-1819626', '2019-05-21 07:15:56', 3),
(454, '3094-1819591', '2019-05-21 07:16:22', 3),
(455, '3094-1819620', '2019-05-21 07:16:30', 3),
(456, '3094-1819624', '2019-05-21 07:16:37', 3),
(457, '3094-1819613', '2019-05-21 07:17:13', 3),
(458, '3094-1819590', '2019-05-21 07:18:53', 3),
(459, '3094-1819596', '2019-05-21 07:19:33', 3),
(460, '3094-1819607', '2019-05-21 07:19:39', 3),
(461, '3094-1819615', '2019-05-21 07:22:24', 3),
(462, '3094-1819599', '2019-05-21 07:25:31', 3),
(463, '3094-1819577', '2019-05-21 07:26:09', 3),
(464, '3094-1819589', '2019-05-21 07:26:15', 3),
(465, '3094-1819578', '2019-05-21 07:27:16', 3),
(466, '3094-1819600', '2019-05-21 07:28:00', 3),
(467, '3094-1819576', '2019-05-21 07:28:42', 3),
(468, '3094-1819579', '2019-05-21 07:28:50', 3),
(469, '3094-1819597', '2019-05-21 07:28:56', 3),
(470, '3094-1819581', '2019-05-21 07:29:03', 3),
(471, '3094-1819586', '2019-05-21 07:29:39', 3),
(472, '3094-1819628', '2019-05-21 07:30:04', 3),
(473, '3094-1819583', '2019-05-21 07:30:56', 3),
(474, '3094-1819605', '2019-05-21 07:33:10', 3),
(475, '3094-1819602', '2019-05-21 07:41:14', 3),
(476, '3094-1819609', '2019-05-23 07:10:27', 3),
(477, '3094-1819594', '2019-05-23 07:10:40', 3),
(478, '3094-1819591', '2019-05-23 07:10:57', 3),
(479, '3094-1819582', '2019-05-23 07:11:06', 3),
(480, '3094-1819592', '2019-05-23 07:11:14', 3),
(481, '3094-1819597', '2019-05-23 07:13:58', 3),
(482, '3094-1819585', '2019-05-23 07:15:31', 3),
(483, '3094-1819593', '2019-05-23 07:16:03', 3),
(484, '3094-1819608', '2019-05-23 07:16:52', 3),
(485, '3094-1819606', '2019-05-23 07:18:18', 3),
(486, '3094-1819576', '2019-05-23 07:21:19', 3),
(487, '3094-1819579', '2019-05-23 07:21:27', 3),
(488, '3094-1819614', '2019-05-23 07:21:47', 3),
(489, '3094-1819583', '2019-05-23 07:22:01', 3),
(490, '3094-1819580', '2019-05-23 07:23:02', 3),
(491, '3094-1819621', '2019-05-23 07:23:13', 3),
(492, '3094-1819619', '2019-05-23 07:23:23', 3),
(493, '3094-1819616', '2019-05-23 07:23:29', 3),
(494, '3094-1819605', '2019-05-23 07:24:34', 3),
(495, '3094-1819615', '2019-05-23 07:25:16', 3),
(496, '3094-1819625', '2019-05-23 07:25:27', 3),
(497, '3094-1819624', '2019-05-23 07:25:54', 3),
(498, '3094-1819578', '2019-05-23 07:28:54', 3),
(499, '3094-1819607', '2019-05-23 07:29:23', 3),
(500, '3094-1819626', '2019-05-23 07:29:50', 3),
(501, '3094-1819599', '2019-05-23 07:30:27', 3),
(502, '3094-1819581', '2019-05-23 07:31:03', 3),
(503, '3094-1819590', '2019-05-23 07:32:35', 3),
(504, '3094-1819577', '2019-05-23 07:33:04', 3),
(505, '3094-1819613', '2019-05-23 07:33:10', 3),
(506, '3094-1819620', '2019-05-23 07:33:32', 3),
(507, '3094-1819586', '2019-05-23 07:33:39', 3),
(508, '3094-1819600', '2019-05-23 07:33:48', 3),
(509, '3094-1819603', '2019-05-23 07:40:16', 3),
(510, '3094-1819628', '2019-05-23 07:45:49', 3),
(511, '3094-1819596', '2019-05-23 10:12:42', 3);

-- --------------------------------------------------------

--
-- Table structure for table `kelas`
--

CREATE TABLE `kelas` (
  `id_kelas` int(11) NOT NULL,
  `nm_kelas` varchar(100) DEFAULT NULL,
  `nm_ketua_kelas` varchar(255) DEFAULT NULL,
  `wali_kelas` varchar(255) DEFAULT NULL,
  `jumlah_siswa` int(11) DEFAULT NULL,
  `created_at` datetime DEFAULT NULL,
  `updated_at` datetime DEFAULT NULL,
  `deleted_at` datetime DEFAULT NULL
) ENGINE=MyISAM DEFAULT CHARSET=latin1;

--
-- Dumping data for table `kelas`
--

INSERT INTO `kelas` (`id_kelas`, `nm_kelas`, `nm_ketua_kelas`, `wali_kelas`, `jumlah_siswa`, `created_at`, `updated_at`, `deleted_at`) VALUES
(1, '7A', 'Ahmad', '1072', 25, '2019-04-09 10:57:13', '2019-05-01 12:38:47', NULL),
(2, '7B', 'Agung', '1079', 20, '2019-04-09 15:48:11', '2019-05-01 12:39:39', NULL),
(4, '7C', '', '1075', 0, '2019-04-29 20:22:23', '2019-04-29 20:22:23', NULL);

-- --------------------------------------------------------

--
-- Table structure for table `kelas_siswa`
--

CREATE TABLE `kelas_siswa` (
  `id_kelas_siswa` int(11) NOT NULL,
  `id_kelas` varchar(128) NOT NULL,
  `id_siswa` varchar(128) NOT NULL,
  `created_at` datetime DEFAULT NULL,
  `updated_at` datetime DEFAULT NULL,
  `deleted_at` datetime DEFAULT NULL
) ENGINE=MyISAM DEFAULT CHARSET=latin1;

--
-- Dumping data for table `kelas_siswa`
--

INSERT INTO `kelas_siswa` (`id_kelas_siswa`, `id_kelas`, `id_siswa`, `created_at`, `updated_at`, `deleted_at`) VALUES
(3, '1', '1013', '2019-04-09 10:57:13', '2019-05-01 10:57:13', '0000-00-00 00:00:00'),
(4, '1', '1014', '2019-04-09 10:57:13', '2019-05-01 10:57:13', '0000-00-00 00:00:00'),
(5, '1', '1017', '2019-04-09 10:57:13', '2019-05-01 10:57:13', '0000-00-00 00:00:00'),
(6, '1', '1020', '2019-04-09 10:57:13', '2019-05-01 10:57:13', '0000-00-00 00:00:00'),
(7, '1', '1026', '2019-04-09 10:57:13', '2019-05-01 10:57:13', '0000-00-00 00:00:00'),
(8, '1', '1029', '2019-04-09 10:57:13', '2019-05-01 10:57:13', '0000-00-00 00:00:00'),
(9, '1', '1031', '2019-04-09 10:57:13', '2019-05-01 10:57:13', '0000-00-00 00:00:00'),
(10, '1', '1039', '2019-04-09 10:57:13', '2019-05-01 10:57:13', '0000-00-00 00:00:00'),
(11, '1', '1042', '2019-04-09 10:57:13', '2019-05-01 10:57:13', '0000-00-00 00:00:00'),
(12, '1', '1045', '2019-04-09 10:57:13', '2019-05-01 10:57:13', '0000-00-00 00:00:00'),
(13, '1', '1046', '2019-04-09 10:57:13', '2019-05-01 10:57:13', '0000-00-00 00:00:00'),
(14, '1', '1047', '2019-04-09 10:57:13', '2019-05-01 10:57:13', '0000-00-00 00:00:00'),
(15, '1', '1049', '2019-04-09 10:57:13', '2019-05-01 10:57:13', '0000-00-00 00:00:00'),
(16, '1', '1055', '2019-04-09 10:57:13', '2019-05-01 10:57:13', '0000-00-00 00:00:00'),
(17, '1', '1056', '2019-04-09 10:57:13', '2019-05-01 10:57:13', '0000-00-00 00:00:00'),
(18, '1', '1057', '2019-04-09 10:57:13', '2019-05-01 10:57:13', '0000-00-00 00:00:00'),
(19, '1', '1062', '2019-04-09 10:57:13', '2019-05-01 10:57:13', '0000-00-00 00:00:00'),
(22, '2', '1018', '2019-05-04 18:54:09', '2019-05-04 18:54:09', NULL),
(23, '2', '1019', '2019-05-04 18:54:09', '2019-05-04 18:54:09', NULL),
(24, '2', '1022', '2019-05-04 18:54:09', '2019-05-04 18:54:09', NULL),
(25, '2', '1024', '2019-05-04 18:54:09', '2019-05-04 18:54:09', NULL),
(26, '2', '1025', '2019-05-04 18:54:09', '2019-05-04 18:54:09', NULL),
(27, '2', '1032', '2019-05-04 18:54:09', '2019-05-04 18:54:09', NULL),
(28, '2', '1033', '2019-05-04 18:54:09', '2019-05-04 18:54:09', NULL),
(29, '2', '1034', '2019-05-04 18:54:09', '2019-05-04 18:54:09', NULL),
(30, '2', '1037', '2019-05-04 18:54:09', '2019-05-04 18:54:09', NULL),
(31, '2', '1038', '2019-05-04 18:54:09', '2019-05-04 18:54:09', NULL),
(32, '2', '1040', '2019-05-04 18:54:09', '2019-05-04 18:54:09', NULL),
(33, '2', '1041', '2019-05-04 18:54:09', '2019-05-04 18:54:09', NULL),
(34, '2', '1043', '2019-05-04 18:54:09', '2019-05-04 18:54:09', NULL),
(35, '2', '1048', '2019-05-04 18:54:09', '2019-05-04 18:54:09', NULL),
(36, '2', '1050', '2019-05-04 18:54:09', '2019-05-04 18:54:09', NULL),
(37, '2', '1053', '2019-05-04 18:54:09', '2019-05-04 18:54:09', NULL),
(38, '2', '1058', '2019-05-04 18:54:09', '2019-05-04 18:54:09', NULL),
(59, '2', '1063', '2019-05-04 18:54:09', '2019-05-04 18:54:09', NULL),
(41, '4', '1015', '0000-00-00 00:00:00', '0000-00-00 00:00:00', '0000-00-00 00:00:00'),
(42, '4', '1016', '0000-00-00 00:00:00', '0000-00-00 00:00:00', '0000-00-00 00:00:00'),
(43, '4', '1021', '0000-00-00 00:00:00', '0000-00-00 00:00:00', '0000-00-00 00:00:00'),
(44, '4', '1023', '0000-00-00 00:00:00', '0000-00-00 00:00:00', '0000-00-00 00:00:00'),
(45, '4', '1027', '0000-00-00 00:00:00', '0000-00-00 00:00:00', '0000-00-00 00:00:00'),
(46, '4', '1028', '0000-00-00 00:00:00', '0000-00-00 00:00:00', '0000-00-00 00:00:00'),
(47, '4', '1030', '0000-00-00 00:00:00', '0000-00-00 00:00:00', '0000-00-00 00:00:00'),
(48, '4', '1035', '0000-00-00 00:00:00', '0000-00-00 00:00:00', '0000-00-00 00:00:00'),
(49, '4', '1036', '0000-00-00 00:00:00', '0000-00-00 00:00:00', '0000-00-00 00:00:00'),
(50, '4', '1044', '0000-00-00 00:00:00', '0000-00-00 00:00:00', '0000-00-00 00:00:00'),
(51, '4', '1051', '0000-00-00 00:00:00', '0000-00-00 00:00:00', '0000-00-00 00:00:00'),
(52, '4', '1052', '0000-00-00 00:00:00', '0000-00-00 00:00:00', '0000-00-00 00:00:00'),
(53, '4', '1054', '0000-00-00 00:00:00', '0000-00-00 00:00:00', '0000-00-00 00:00:00'),
(54, '4', '1059', '0000-00-00 00:00:00', '0000-00-00 00:00:00', '0000-00-00 00:00:00'),
(55, '4', '1060', '0000-00-00 00:00:00', '0000-00-00 00:00:00', '0000-00-00 00:00:00'),
(56, '4', '1061', '0000-00-00 00:00:00', '0000-00-00 00:00:00', '0000-00-00 00:00:00'),
(57, '4', '1064', '0000-00-00 00:00:00', '0000-00-00 00:00:00', '0000-00-00 00:00:00'),
(58, '4', '1065', '0000-00-00 00:00:00', '0000-00-00 00:00:00', '0000-00-00 00:00:00');

-- --------------------------------------------------------

--
-- Table structure for table `mata_pelajaran`
--

CREATE TABLE `mata_pelajaran` (
  `id_mata_pelajaran` int(11) NOT NULL,
  `nm_mata_pelajaran` varchar(255) NOT NULL,
  `jenis_mata_pelajaran` int(11) DEFAULT NULL,
  `created_at` datetime DEFAULT NULL,
  `updated_at` datetime DEFAULT NULL,
  `deleted_at` datetime DEFAULT NULL
) ENGINE=MyISAM DEFAULT CHARSET=latin1;

--
-- Dumping data for table `mata_pelajaran`
--

INSERT INTO `mata_pelajaran` (`id_mata_pelajaran`, `nm_mata_pelajaran`, `jenis_mata_pelajaran`, `created_at`, `updated_at`, `deleted_at`) VALUES
(1, 'English', 1, '2019-04-29 19:46:42', '2019-04-29 19:46:42', NULL),
(2, 'Civics', 1, '2019-04-29 19:47:00', '2019-04-29 19:47:00', NULL),
(3, 'Math', 1, '2019-04-29 19:47:38', '2019-04-29 19:47:38', NULL),
(4, 'Social', 1, '2019-04-29 19:47:56', '2019-04-29 19:47:56', NULL),
(5, 'Religion', 1, '2019-04-29 19:48:16', '2019-04-29 19:48:16', NULL),
(6, ' B. Indonesia', 1, '2019-04-29 19:48:51', '2019-04-29 19:48:51', NULL),
(7, 'Physical Education', 1, '2019-04-29 19:51:01', '2019-04-29 19:51:01', NULL),
(8, 'Pend. Alqur\'an', 1, '2019-04-29 19:51:21', '2019-04-29 19:51:21', NULL),
(9, 'B. Arab', 1, '2019-04-29 19:51:39', '2019-04-29 19:51:39', NULL),
(10, 'Science', 1, '2019-04-29 19:51:57', '2019-04-29 19:51:57', NULL),
(11, 'Conselor', 1, '2019-04-29 19:52:21', '2019-04-29 19:52:21', NULL),
(12, 'ICT & Robotics', 1, '2019-04-29 19:54:08', '2019-04-29 19:54:08', NULL),
(13, 'Art & Craft', 1, '2019-04-29 19:54:30', '2019-04-29 19:54:30', NULL),
(14, 'Pramuka', 2, '2019-04-29 21:07:39', '2019-04-29 21:07:39', NULL),
(15, 'Cinematografi', 2, '2019-04-29 21:09:46', '2019-04-29 21:09:46', NULL);

-- --------------------------------------------------------

--
-- Table structure for table `migrations`
--

CREATE TABLE `migrations` (
  `version` bigint(20) NOT NULL
) ENGINE=MyISAM DEFAULT CHARSET=utf8;

--
-- Dumping data for table `migrations`
--

INSERT INTO `migrations` (`version`) VALUES
(20190515225000);

-- --------------------------------------------------------

--
-- Table structure for table `pengguna`
--

CREATE TABLE `pengguna` (
  `id_pengguna` int(11) NOT NULL,
  `id_role` int(11) NOT NULL,
  `kelas_siswa` int(11) NOT NULL,
  `nm_pengguna` varchar(255) NOT NULL,
  `nomor_induk` varchar(20) DEFAULT NULL,
  `alamat` varchar(255) DEFAULT NULL,
  `no_hp` varchar(20) DEFAULT NULL,
  `email` varchar(100) DEFAULT NULL,
  `password` varchar(100) DEFAULT NULL,
  `created_at` datetime DEFAULT NULL,
  `updated_at` datetime DEFAULT NULL,
  `deleted_at` datetime DEFAULT NULL
) ENGINE=MyISAM DEFAULT CHARSET=latin1;

--
-- Dumping data for table `pengguna`
--

INSERT INTO `pengguna` (`id_pengguna`, `id_role`, `kelas_siswa`, `nm_pengguna`, `nomor_induk`, `alamat`, `no_hp`, `email`, `password`, `created_at`, `updated_at`, `deleted_at`) VALUES
(1013, 1, 0, 'Aghna Obelia Nashwa Wijaya', '3094-1819576', '', '6283831314139', '', '', '0000-00-00 00:00:00', '0000-00-00 00:00:00', '0000-00-00 00:00:00'),
(1014, 1, 1, 'Aiko Najwakyla Widhishakti', '3094-1819577', '', '6283831314139', '', '', '0000-00-00 00:00:00', '0000-00-00 00:00:00', '0000-00-00 00:00:00'),
(1015, 1, 0, 'Andaru Aji Putra Wardhana', '3094-1819580', '', '6283831314139', '', '', '0000-00-00 00:00:00', '0000-00-00 00:00:00', '0000-00-00 00:00:00'),
(1016, 1, 0, 'Aufaa Ahmad Shine Priyanka', '3094-1819583', '', '6283831314139', '', '', '0000-00-00 00:00:00', '0000-00-00 00:00:00', '0000-00-00 00:00:00'),
(1017, 1, 0, 'Cyla Shinita Altaira', '3094-1819589', '', '6283831314139', '', '', '0000-00-00 00:00:00', '0000-00-00 00:00:00', '0000-00-00 00:00:00'),
(1018, 1, 0, 'Dzaki Parisya Sidqi Dewanto', '3094-1819592', '', '6283831314139', '', '', '0000-00-00 00:00:00', '0000-00-00 00:00:00', '0000-00-00 00:00:00'),
(1019, 1, 0, 'Farhatin Naufi Rahmantya', '3094-1819594', '', '6283831314139', '', '', '0000-00-00 00:00:00', '0000-00-00 00:00:00', '0000-00-00 00:00:00'),
(1020, 1, 0, 'Maritza Jasmine Puruhita', '3094-1819602', '', '6283831314139', '', '', '0000-00-00 00:00:00', '0000-00-00 00:00:00', '0000-00-00 00:00:00'),
(1021, 1, 0, 'Muhammad Aditya Nugraha', '3094-1819605', '', '6283834863699', '', '', '0000-00-00 00:00:00', '0000-00-00 00:00:00', '0000-00-00 00:00:00'),
(1022, 1, 0, 'Naafl Ramadhan', '3094-1819608', '', '6283834863699', '', '', '0000-00-00 00:00:00', '0000-00-00 00:00:00', '0000-00-00 00:00:00'),
(1023, 1, 0, 'Nabila Diva Naysila Wardani', '3094-1819609', '', '6283834863699', '', '', '0000-00-00 00:00:00', '0000-00-00 00:00:00', '0000-00-00 00:00:00'),
(1024, 1, 0, 'Nafisa Azka Aurora', '3094-1819610', '', '6283834863699', '', '', '0000-00-00 00:00:00', '0000-00-00 00:00:00', '0000-00-00 00:00:00'),
(1025, 1, 0, 'Nico Arya Suta', '3094-1819612', '', '6283834863699', '', '', '0000-00-00 00:00:00', '0000-00-00 00:00:00', '0000-00-00 00:00:00'),
(1026, 1, 1, 'Ravif Nauval Aymand', '3094-1819618', '', '6283834863699', '', '', '0000-00-00 00:00:00', '0000-00-00 00:00:00', '0000-00-00 00:00:00'),
(1027, 1, 0, 'Rico Ari Suharno', '3094-1819619', '', '6283834863699', '', '', '0000-00-00 00:00:00', '0000-00-00 00:00:00', '0000-00-00 00:00:00'),
(1028, 1, 0, 'Rifat Emirraynor Suaidy', '3094-1819620', '', '6283834863699', '', '', '0000-00-00 00:00:00', '0000-00-00 00:00:00', '0000-00-00 00:00:00'),
(1029, 1, 0, 'Shafiqa Ayu Faisal', '3094-1819625', '', '6285258193552', '', '', '0000-00-00 00:00:00', '0000-00-00 00:00:00', '0000-00-00 00:00:00'),
(1030, 1, 0, 'Syahna Nuzula', '3094-1819626', '', '6285258193552', '', '', '0000-00-00 00:00:00', '0000-00-00 00:00:00', '0000-00-00 00:00:00'),
(1031, 1, 0, 'Angelica Lestiono', '3094-1819581', '', '6285258193552', '', '', '0000-00-00 00:00:00', '0000-00-00 00:00:00', '0000-00-00 00:00:00'),
(1032, 1, 0, 'Audry Rahmadanni', '3094-1819582', '', '6285258193552', '', '', '0000-00-00 00:00:00', '0000-00-00 00:00:00', '0000-00-00 00:00:00'),
(1033, 1, 0, 'Azmi Muzhaffar Aunurrahman', '3094-1819585', '', '6285258193552', '', '', '0000-00-00 00:00:00', '0000-00-00 00:00:00', '0000-00-00 00:00:00'),
(1034, 1, 0, 'Chiara Carissa Priyadi', '3094-1819587', '', '6285258193552', '', '', '0000-00-00 00:00:00', '0000-00-00 00:00:00', '0000-00-00 00:00:00'),
(1035, 1, 0, 'Cornelis Pasha Jans Sutrisna', '3094-1819588', '', '6285258193552', '', '', '0000-00-00 00:00:00', '0000-00-00 00:00:00', '0000-00-00 00:00:00'),
(1036, 1, 0, 'Farrel Deri Ray', '3094-1819595', '', '6285258193552', '', '', '0000-00-00 00:00:00', '0000-00-00 00:00:00', '0000-00-00 00:00:00'),
(1037, 1, 0, 'Feditya Aisharahmi', '3094-1819596', '', '6285258193552', '', '', '0000-00-00 00:00:00', '0000-00-00 00:00:00', '0000-00-00 00:00:00'),
(1038, 1, 0, 'Gladys Kim Firlinzda', '3094-1819597', '', '6285730095478', '', '', '0000-00-00 00:00:00', '0000-00-00 00:00:00', '0000-00-00 00:00:00'),
(1039, 1, 0, 'Jihan Sayyidah Naflah Maulidah', '3094-1819600', '', '6285730095478', '', '', '0000-00-00 00:00:00', '0000-00-00 00:00:00', '0000-00-00 00:00:00'),
(1040, 1, 0, 'Luthfan Muhammad Nafi\'', '3094-1819601', '', '6285730095478', '', '', '0000-00-00 00:00:00', '0000-00-00 00:00:00', '0000-00-00 00:00:00'),
(1041, 1, 0, 'Mazaya Sabila Noor Aziz', '3094-1819603', '', '6285730095478', '', '', '0000-00-00 00:00:00', '0000-00-00 00:00:00', '0000-00-00 00:00:00'),
(1042, 1, 1, 'Mochamad Sholachudin Albatros', '3094-1819604', '', '6285730095478', '', '', '0000-00-00 00:00:00', '0000-00-00 00:00:00', '0000-00-00 00:00:00'),
(1043, 1, 0, 'Muhammad Akmal Ratsmawan', '3094-1819606', '', '6285730095478', '', '', '0000-00-00 00:00:00', '0000-00-00 00:00:00', '0000-00-00 00:00:00'),
(1044, 1, 0, 'Naila Khalisa Amani', '3094-1819611', '', '6285730095478', '', '', '0000-00-00 00:00:00', '0000-00-00 00:00:00', '0000-00-00 00:00:00'),
(1045, 1, 0, 'Nisrina Nazihah Azaly', '3094-1819613', '', '6285730095478', '', '', '0000-00-00 00:00:00', '0000-00-00 00:00:00', '0000-00-00 00:00:00'),
(1046, 1, 0, 'Rafael Ahmad Salam', '3094-1819616', '', '6281296789617', '', '', '0000-00-00 00:00:00', '0000-00-00 00:00:00', '0000-00-00 00:00:00'),
(1047, 1, 0, 'Rifqi Daffaro Ramadhan', '3094-1819621', '', '6281296789617', '', '', '0000-00-00 00:00:00', '0000-00-00 00:00:00', '0000-00-00 00:00:00'),
(1048, 1, 0, 'Aisyah Yusuf Ismail Mattalitti', '3094-1819578', '', '6281296789617', '', '', '0000-00-00 00:00:00', '0000-00-00 00:00:00', '0000-00-00 00:00:00'),
(1049, 1, 0, 'Alycia Medina Amour', '3094-1819579', '', '6281296789617', '', '', '0000-00-00 00:00:00', '0000-00-00 00:00:00', '0000-00-00 00:00:00'),
(1050, 1, 0, 'Ayesha Kayla Wahyudi', '3094-1819584', '', '6281296789617', '', '', '0000-00-00 00:00:00', '0000-00-00 00:00:00', '0000-00-00 00:00:00'),
(1051, 1, 0, 'Biyan Pandya Ananda Isman', '3094-1819586', '', '6281296789617', '', '', '0000-00-00 00:00:00', '0000-00-00 00:00:00', '0000-00-00 00:00:00'),
(1052, 1, 0, 'DANISH HANGGORO PUTRA', '3094-1819590', '', '6281296789617', '', '', '0000-00-00 00:00:00', '0000-00-00 00:00:00', '0000-00-00 00:00:00'),
(1053, 1, 0, 'Dimas Satrio Utomo', '3094-1819591', '', '6281296789617', '', '', '0000-00-00 00:00:00', '0000-00-00 00:00:00', '0000-00-00 00:00:00'),
(1054, 1, 0, 'Fakhri Athaurrahman Wibowo', '3094-1819593', '', '6281296789617', '', '', '0000-00-00 00:00:00', '0000-00-00 00:00:00', '0000-00-00 00:00:00'),
(1055, 1, 0, 'Hesfa Yolanda Murad', '3094-1819598', '', '6281615341342', '', '', '0000-00-00 00:00:00', '0000-00-00 00:00:00', '0000-00-00 00:00:00'),
(1056, 1, 0, 'Jawwaad Farizan Effendy', '3094-1819599', '', '6281615341342', '', '', '0000-00-00 00:00:00', '0000-00-00 00:00:00', '0000-00-00 00:00:00'),
(1057, 1, 0, 'Muhammad Al Fatah', '3094-1819607', '', '6281236427734', '', '', '0000-00-00 00:00:00', '0000-00-00 00:00:00', '0000-00-00 00:00:00'),
(1058, 1, 0, 'Nisrina Rania Emarissa', '3094-1819614', '', '6281236427734', '', '', '0000-00-00 00:00:00', '0000-00-00 00:00:00', '0000-00-00 00:00:00'),
(1059, 1, 0, 'Noureen Aisha Yuniarto', '3094-1819615', '', '6281236427734', '', '', '0000-00-00 00:00:00', '0000-00-00 00:00:00', '0000-00-00 00:00:00'),
(1060, 1, 0, 'Rafi Nawfal Pasha', '3094-1819617', '', '6281236427734', '', '', '0000-00-00 00:00:00', '0000-00-00 00:00:00', '0000-00-00 00:00:00'),
(1061, 1, 0, 'Samarno Joko Ludiro', '3094-1819622', '', '6281236427734', '', '', '0000-00-00 00:00:00', '0000-00-00 00:00:00', '0000-00-00 00:00:00'),
(1062, 1, 0, 'Sashita Kartika Aura Aditya', '3094-1819623', '', '6281236427734', '', '', '0000-00-00 00:00:00', '0000-00-00 00:00:00', '0000-00-00 00:00:00'),
(1063, 1, 0, 'Satrya Ahmad Mustaqim Isya', '3094-1819624', '', '6281236427734', '', '', '0000-00-00 00:00:00', '0000-00-00 00:00:00', '0000-00-00 00:00:00'),
(1064, 1, 0, 'Syaila Almira Purwanto', '3094-1819627', '', '6281236427734', '', '', '0000-00-00 00:00:00', '0000-00-00 00:00:00', '0000-00-00 00:00:00'),
(1065, 1, 0, 'Tazkia Sabina', '3094-1819628', '', '6281236427734', '', '', '0000-00-00 00:00:00', '0000-00-00 00:00:00', '0000-00-00 00:00:00'),
(1087, 2, 0, 'Admin Al Azhar', '12345', NULL, NULL, NULL, '827ccb0eea8a706c4c34a16891f84e7b', NULL, NULL, NULL),
(1071, 3, 0, 'Sugiyanto, S.Pd.I', '110112353', 'Jamboan RT 14 RW 3 Sidoarjo', '081392338815', NULL, '8b8e77ec25ad209df0112147a57290f1', '2019-04-29 05:32:41', '2019-04-29 05:32:41', NULL),
(1072, 3, 0, 'Nenyn Sudariyati, S.Pd', '106102334', 'Jl. Bogen II/9F', '085731055979', NULL, '91401b35c3fa65525ebd36a757dc07ee', '2019-04-29 05:32:41', '2019-04-29 05:32:41', NULL),
(1073, 3, 0, 'Yuana Ika, S.S', '108102339', 'Jl. Tanjung Sari No.20 B', '085645127085', NULL, 'b8cf9be1e8fdda852a2a81bbf9ee958f', '2019-04-29 05:32:41', '2019-04-29 05:32:41', NULL),
(1074, 3, 0, 'Rinda Dwi Nur\'aini, S.Pd', '108152404', 'Raya Sumberrejo 176', '085645560605', NULL, '396f86271bd3777bda124e3875fee869', '2019-04-29 05:32:41', '2019-04-29 05:32:41', NULL),
(1075, 3, 0, 'Agus Salim, S.Psi', '111152394', 'Jl. Dukuh Bulak Banteng Sekolahan VIA/22B', '081615341342', NULL, '0629b865f54ddc61dcf71c049474a25e', '2019-04-29 05:32:41', '2019-04-29 05:32:41', NULL),
(1076, 3, 0, 'Novi Hardiansyah, S.Pd', '105112347', 'Jl. Toto Tentrem 101, Bangunsari, Dolopo, Madiun', '0833834664633', NULL, '05a311376caed305697b683a1ddb2d99', '2019-04-29 05:32:41', '2019-04-29 05:32:41', NULL),
(1077, 3, 0, 'Abdul Malik, S,PdI, M.PdI', '107122364', 'Jl. Simopomahan III No 36 Surabaya', '085606618885', NULL, 'cce044612a083ba4c5ff3b31847fa5b0', '2019-04-29 05:32:41', '2019-04-29 05:32:41', NULL),
(1078, 3, 0, 'Faiz Naufal, S.Hum', '106162472', 'Kendang sari Blok K/26 Surabaya', '089676441289', NULL, 'aadc4122812b68bb2d0a77eadc9ef92a', '2019-04-29 05:32:41', '2019-04-29 05:32:41', NULL),
(1079, 3, 0, 'Ali Mustofa, S.Pd', '101182520', 'Ds. Sumber, Sumber, Rembang', '085799898169', NULL, 'f3b60cc2ca6e3d92c8e619e308d2d931', '2019-04-29 05:32:41', '2019-04-29 05:32:41', NULL),
(1080, 3, 0, 'Faesal Abidin, S.Pd, Gr', '101182522', 'Tanggul Kantong, Lamongan', '082197707692', NULL, '62f166cf2dd248d10853cc8b255a612d', '2019-04-29 05:32:42', '2019-04-29 05:32:42', NULL),
(1081, 3, 0, 'Ferina Widya Wiyanti, S.Pd', '101182521', 'Taman Candiloka K3/19, Sidoarjo', '081259213199', NULL, 'eb1c9edc153f802f7441ee4461f1c285', '2019-04-29 05:32:42', '2019-04-29 05:32:42', NULL),
(1082, 3, 0, 'Mohamad Rusli Zakaria, S.Pd', 'EMPL-3104-006', 'Jl. Sunan Giri 18 D No.1, Kebomas - Gresik', '082132851811', NULL, '83797c6249ee1bd7a9114ca3a0914872', '2019-04-29 05:32:42', '2019-04-29 05:32:42', NULL),
(1083, 3, 0, 'Fattachul Huda Aminuddin, M.Pd.T', 'EMPL-3104-005', 'Desa Suka Makmur, Kec. Sungai Bahar 1 RT 01/01, Kab. Muaro Jambi', '085367875828', NULL, 'ca0300e0e57be512c47192283bb7ac38', '2019-04-29 05:32:42', '2019-04-29 05:32:42', NULL),
(1084, 3, 0, 'Zahra Priana, S.Psi', 'EMPL-3104-004', 'Jl. Kalidami II - A No. 16 Surabaya', '082143302500', NULL, '08a411874a96b994c93e696ff56e484d', '2019-04-29 05:32:42', '2019-04-29 05:32:42', NULL),
(1085, 3, 0, 'Wheni Marifatus Sholikah, S.pd', '08091996', 'Ds. Pamotan Kec. Sambeng Kab Lamongan', '083854666825', NULL, 'd3de5a4fc7564a5122c4050b9a6fca35', '2019-04-29 05:32:42', '2019-04-29 05:32:42', NULL),
(1086, 3, 0, 'Agung Yuliana, S.Pd', '107012294', 'Surabaya', '081703394644', '-@email.com', 'ca94a3387e8f8c7a0307d30ec05564ca', '2019-04-29 20:12:58', '2019-04-29 20:12:58', NULL);

-- --------------------------------------------------------

--
-- Table structure for table `role`
--

CREATE TABLE `role` (
  `id_role` varchar(128) NOT NULL,
  `nm_role` varchar(100) NOT NULL,
  `created_at` datetime DEFAULT NULL,
  `updated_at` datetime DEFAULT NULL,
  `deleted_at` datetime DEFAULT NULL
) ENGINE=MyISAM DEFAULT CHARSET=latin1;

--
-- Dumping data for table `role`
--

INSERT INTO `role` (`id_role`, `nm_role`, `created_at`, `updated_at`, `deleted_at`) VALUES
('1', 'siswa', '2019-03-21 16:25:15', NULL, NULL),
('2', 'admin', '2019-03-21 16:25:15', NULL, NULL),
('3', 'guru', '2019-03-21 16:25:15', NULL, NULL),
('4', 'pelatih', '2019-03-21 16:25:15', NULL, NULL);

-- --------------------------------------------------------

--
-- Table structure for table `tb_jadwal_masuk`
--

CREATE TABLE `tb_jadwal_masuk` (
  `id_jm` int(11) NOT NULL,
  `jm_masuk` varchar(10) NOT NULL,
  `jm_judul` varchar(50) NOT NULL,
  `status` int(11) NOT NULL
) ENGINE=MyISAM DEFAULT CHARSET=latin1;

--
-- Dumping data for table `tb_jadwal_masuk`
--

INSERT INTO `tb_jadwal_masuk` (`id_jm`, `jm_masuk`, `jm_judul`, `status`) VALUES
(1, '07.00', 'Reguler', 1),
(2, '07.30', 'Puasa', 0);

-- --------------------------------------------------------

--
-- Table structure for table `tb_token`
--

CREATE TABLE `tb_token` (
  `toke_id` int(11) NOT NULL,
  `token_code` varchar(100) NOT NULL,
  `token_siswa` varchar(100) DEFAULT NULL,
  `token_exp` varchar(100) DEFAULT NULL
) ENGINE=MyISAM DEFAULT CHARSET=latin1;

--
-- Dumping data for table `tb_token`
--

INSERT INTO `tb_token` (`toke_id`, `token_code`, `token_siswa`, `token_exp`) VALUES
(1, '683a4e50d92ca3ff863c5af3b2b615ca', '3094-1819576', '37'),
(2, 'b123b2aa90e6aea75b20e608ca28b206', '3094-1819577', '37'),
(3, 'ca4ebe669073b14bf8e431a65c60f4f5', '3094-1819580', '37'),
(4, 'c8a485ad53935977e33223713bac4f4d', '3094-1819583', '37'),
(5, 'ba8eced257967b28cf9163d60dc63dd1', '3094-1819589', '37'),
(6, '0c24e53a17ec2ac1edab00f3bdbfccfd', '3094-1819592', '37'),
(7, '24dc9dddf534bba9acf44de62c272da8', '3094-1819594', '37'),
(8, 'b305bc65c125337033e25f6837440b49', '3094-1819602', '37'),
(9, '6bfb668ec8a337983907b6c0d210f64d', '3094-1819605', '37'),
(10, '7df7a1b8410042edadd4adcef4c66697', '3094-1819608', '37'),
(11, '0e0477e150165084d4972ecbaf355209', '3094-1819609', '37'),
(12, 'd48e95df5a0bcfa14593a375a833f778', '3094-1819610', '37'),
(13, 'ca4be2570157761af5ac97c0af062062', '3094-1819612', '37'),
(14, '22d9b160a0765483cc4cc60032be91dd', '3094-1819618', '37'),
(15, '0ccb09832316a1038bfe5e88dc7b5a85', '3094-1819619', '37'),
(16, '72c8034e710aed31574c391c3a12f652', '3094-1819620', '37'),
(17, '4cff646887c5ab8cebbc5a2858758e21', '3094-1819625', '37'),
(18, '2d5025602fb18956760686ffd703820b', '3094-1819626', '37'),
(19, 'ab712ad96b53156453cef3e8d3284145', '3094-1819581', '37'),
(20, 'a167b61387d13b292fd2e125f488f41e', '3094-1819582', '37'),
(21, '0cd83aed193190c592e01908c56048d1', '3094-1819585', '37'),
(22, '1aa39c807107d6e88202f83952cb4c79', '3094-1819587', '37'),
(23, '618dd92c45569cdc82981771718cdecd', '3094-1819588', '37'),
(24, 'f2e7bc99594cda3fd5a1787f50f0172b', '3094-1819595', '37'),
(25, 'ee333df73c0024878a61800dd90fb8fb', '3094-1819596', '37'),
(26, 'dd109d7b742d2ce52275da27a71940d0', '3094-1819597', '37'),
(27, '1d47b97db38b6b69c8200591ca5e9357', '3094-1819600', '37'),
(28, '99f2d2c044a40d5d7dd9f3ba5283ee03', '3094-1819601', '37'),
(29, 'a32badce8515c5b9111a3d97a4e3de21', '3094-1819603', '37'),
(30, 'f5957a5a22ceb58d3adf8fc409ec4877', '3094-1819604', '37'),
(31, 'bf879826008e548f771237ae14357a70', '3094-1819606', '37'),
(32, '90b765e316952f7108fe4538232973fd', '3094-1819611', '37'),
(33, '7a357ed438af5d38a3974cc588bd57f1', '3094-1819613', '37'),
(34, '0e7236b92704534034a20800e2b2d29a', '3094-1819616', '37'),
(35, '1a2814b83ab2688179d54e3bcada1308', '3094-1819621', '37'),
(36, '90eb4eee69fae5bee265022abd9c6f4d', '3094-1819578', '37'),
(37, '25289392d6b3c44c9eea89fabe1dbfba', '3094-1819579', '37'),
(38, 'de3130f8467dd64300a5ff4ca673893d', '3094-1819584', '37'),
(39, '5c169c0c78f7979b957d9152b796cc07', '3094-1819586', '37'),
(40, 'dece102325492e1eabef2d4149431815', '3094-1819590', '37'),
(41, 'f190b58bdefd02e94056a973280891b3', '3094-1819591', '37'),
(42, '6ac891d18e3a8b6601e0e7c2afa3036a', '3094-1819593', '37'),
(43, '5b5a833f166ba8364f8a4597197587de', '3094-1819598', '37'),
(44, '917d8bd9df012cb42ab5860968a83266', '3094-1819599', '37'),
(45, 'c6aead17b3a80e5ca8c47901bd6d561f', '3094-1819607', '37'),
(46, '20bc700a7d8ce164dd4f14c23d8d93e9', '3094-1819614', '37'),
(47, '7572ef1e942e0208ac3ad1e0b7683f26', '3094-1819615', '37'),
(48, 'a1a9ca8647284cac7a14d13a26aa3183', '3094-1819617', '37'),
(49, '7dfd5eb394c81fa35fc331a6ed44b750', '3094-1819622', '37'),
(50, 'e97d800ef28ec26c56772219cb03ac11', '3094-1819623', '37'),
(51, '52ea1da339cfd81e8d3a3b2eb7438693', '3094-1819624', '37'),
(52, '6a3dfba38ceac6f3c05c130dcfb5fad9', '3094-1819627', '37'),
(53, 'c17a76ee5ff34c7ddc21dd24e1eb3b3c', '3094-1819628', '37'),
(54, '7e989ff0789048bca52280910203c805', '1.0105.2309', '37'),
(55, '12a6cc9b2bc0880e2f9a01119042dfc2', '2.1110.70028', '37'),
(56, '55ddd18d7208fb3ac91e1edb91633b6c', '1.0701.2294', '37'),
(57, '49a29f3e11a045e31861d69ed83f5e1f', '2.1216.2471', '37'),
(58, '5250f107302b7894437b44061e51b18f', '2.0616.2401', '37'),
(59, '683a4e50d92ca3ff863c5af3b2b615ca', '3094-1819576', '10'),
(60, 'b123b2aa90e6aea75b20e608ca28b206', '3094-1819577', '10'),
(61, 'ca4ebe669073b14bf8e431a65c60f4f5', '3094-1819580', '10'),
(62, 'c8a485ad53935977e33223713bac4f4d', '3094-1819583', '10'),
(63, 'ba8eced257967b28cf9163d60dc63dd1', '3094-1819589', '10'),
(64, '0c24e53a17ec2ac1edab00f3bdbfccfd', '3094-1819592', '10'),
(65, '24dc9dddf534bba9acf44de62c272da8', '3094-1819594', '10'),
(66, 'b305bc65c125337033e25f6837440b49', '3094-1819602', '10'),
(67, '6bfb668ec8a337983907b6c0d210f64d', '3094-1819605', '10'),
(68, '7df7a1b8410042edadd4adcef4c66697', '3094-1819608', '10'),
(69, '0e0477e150165084d4972ecbaf355209', '3094-1819609', '10'),
(70, 'd48e95df5a0bcfa14593a375a833f778', '3094-1819610', '10'),
(71, 'ca4be2570157761af5ac97c0af062062', '3094-1819612', '10'),
(72, '22d9b160a0765483cc4cc60032be91dd', '3094-1819618', '10'),
(73, '0ccb09832316a1038bfe5e88dc7b5a85', '3094-1819619', '10'),
(74, '72c8034e710aed31574c391c3a12f652', '3094-1819620', '10'),
(75, '4cff646887c5ab8cebbc5a2858758e21', '3094-1819625', '10'),
(76, '2d5025602fb18956760686ffd703820b', '3094-1819626', '10'),
(77, 'ab712ad96b53156453cef3e8d3284145', '3094-1819581', '10'),
(78, 'a167b61387d13b292fd2e125f488f41e', '3094-1819582', '10'),
(79, '0cd83aed193190c592e01908c56048d1', '3094-1819585', '10'),
(80, '1aa39c807107d6e88202f83952cb4c79', '3094-1819587', '10'),
(81, '618dd92c45569cdc82981771718cdecd', '3094-1819588', '10'),
(82, 'f2e7bc99594cda3fd5a1787f50f0172b', '3094-1819595', '10'),
(83, 'ee333df73c0024878a61800dd90fb8fb', '3094-1819596', '10'),
(84, 'dd109d7b742d2ce52275da27a71940d0', '3094-1819597', '10'),
(85, '1d47b97db38b6b69c8200591ca5e9357', '3094-1819600', '10'),
(86, '99f2d2c044a40d5d7dd9f3ba5283ee03', '3094-1819601', '10'),
(87, 'a32badce8515c5b9111a3d97a4e3de21', '3094-1819603', '10'),
(88, 'f5957a5a22ceb58d3adf8fc409ec4877', '3094-1819604', '10'),
(89, 'bf879826008e548f771237ae14357a70', '3094-1819606', '10'),
(90, '90b765e316952f7108fe4538232973fd', '3094-1819611', '10'),
(91, '7a357ed438af5d38a3974cc588bd57f1', '3094-1819613', '10'),
(92, '0e7236b92704534034a20800e2b2d29a', '3094-1819616', '10'),
(93, '1a2814b83ab2688179d54e3bcada1308', '3094-1819621', '10'),
(94, '90eb4eee69fae5bee265022abd9c6f4d', '3094-1819578', '10'),
(95, '25289392d6b3c44c9eea89fabe1dbfba', '3094-1819579', '10'),
(96, 'de3130f8467dd64300a5ff4ca673893d', '3094-1819584', '10'),
(97, '5c169c0c78f7979b957d9152b796cc07', '3094-1819586', '10'),
(98, 'dece102325492e1eabef2d4149431815', '3094-1819590', '10'),
(99, 'f190b58bdefd02e94056a973280891b3', '3094-1819591', '10'),
(100, '6ac891d18e3a8b6601e0e7c2afa3036a', '3094-1819593', '10'),
(101, '5b5a833f166ba8364f8a4597197587de', '3094-1819598', '10'),
(102, '917d8bd9df012cb42ab5860968a83266', '3094-1819599', '10'),
(103, 'c6aead17b3a80e5ca8c47901bd6d561f', '3094-1819607', '10'),
(104, '20bc700a7d8ce164dd4f14c23d8d93e9', '3094-1819614', '10'),
(105, '7572ef1e942e0208ac3ad1e0b7683f26', '3094-1819615', '10'),
(106, 'a1a9ca8647284cac7a14d13a26aa3183', '3094-1819617', '10'),
(107, '7dfd5eb394c81fa35fc331a6ed44b750', '3094-1819622', '10'),
(108, 'e97d800ef28ec26c56772219cb03ac11', '3094-1819623', '10'),
(109, '52ea1da339cfd81e8d3a3b2eb7438693', '3094-1819624', '10'),
(110, '6a3dfba38ceac6f3c05c130dcfb5fad9', '3094-1819627', '10'),
(111, 'c17a76ee5ff34c7ddc21dd24e1eb3b3c', '3094-1819628', '10'),
(112, '683a4e50d92ca3ff863c5af3b2b615ca', '3094-1819576', '17'),
(113, 'b123b2aa90e6aea75b20e608ca28b206', '3094-1819577', '17'),
(114, 'ca4ebe669073b14bf8e431a65c60f4f5', '3094-1819580', '17'),
(115, 'c8a485ad53935977e33223713bac4f4d', '3094-1819583', '17'),
(116, 'ba8eced257967b28cf9163d60dc63dd1', '3094-1819589', '17'),
(117, '0c24e53a17ec2ac1edab00f3bdbfccfd', '3094-1819592', '17'),
(118, '24dc9dddf534bba9acf44de62c272da8', '3094-1819594', '17'),
(119, 'b305bc65c125337033e25f6837440b49', '3094-1819602', '17'),
(120, '6bfb668ec8a337983907b6c0d210f64d', '3094-1819605', '17'),
(121, '7df7a1b8410042edadd4adcef4c66697', '3094-1819608', '17'),
(122, '0e0477e150165084d4972ecbaf355209', '3094-1819609', '17'),
(123, 'd48e95df5a0bcfa14593a375a833f778', '3094-1819610', '17'),
(124, 'ca4be2570157761af5ac97c0af062062', '3094-1819612', '17'),
(125, '22d9b160a0765483cc4cc60032be91dd', '3094-1819618', '17'),
(126, '0ccb09832316a1038bfe5e88dc7b5a85', '3094-1819619', '17'),
(127, '72c8034e710aed31574c391c3a12f652', '3094-1819620', '17'),
(128, '4cff646887c5ab8cebbc5a2858758e21', '3094-1819625', '17'),
(129, '2d5025602fb18956760686ffd703820b', '3094-1819626', '17'),
(130, 'ab712ad96b53156453cef3e8d3284145', '3094-1819581', '17'),
(131, 'a167b61387d13b292fd2e125f488f41e', '3094-1819582', '17'),
(132, '0cd83aed193190c592e01908c56048d1', '3094-1819585', '17'),
(133, '1aa39c807107d6e88202f83952cb4c79', '3094-1819587', '17'),
(134, '618dd92c45569cdc82981771718cdecd', '3094-1819588', '17'),
(135, 'f2e7bc99594cda3fd5a1787f50f0172b', '3094-1819595', '17'),
(136, 'ee333df73c0024878a61800dd90fb8fb', '3094-1819596', '17'),
(137, 'dd109d7b742d2ce52275da27a71940d0', '3094-1819597', '17'),
(138, '1d47b97db38b6b69c8200591ca5e9357', '3094-1819600', '17'),
(139, '99f2d2c044a40d5d7dd9f3ba5283ee03', '3094-1819601', '17'),
(140, 'a32badce8515c5b9111a3d97a4e3de21', '3094-1819603', '17'),
(141, 'f5957a5a22ceb58d3adf8fc409ec4877', '3094-1819604', '17'),
(142, 'bf879826008e548f771237ae14357a70', '3094-1819606', '17'),
(143, '90b765e316952f7108fe4538232973fd', '3094-1819611', '17'),
(144, '7a357ed438af5d38a3974cc588bd57f1', '3094-1819613', '17'),
(145, '0e7236b92704534034a20800e2b2d29a', '3094-1819616', '17'),
(146, '1a2814b83ab2688179d54e3bcada1308', '3094-1819621', '17'),
(147, '90eb4eee69fae5bee265022abd9c6f4d', '3094-1819578', '17'),
(148, '25289392d6b3c44c9eea89fabe1dbfba', '3094-1819579', '17'),
(149, 'de3130f8467dd64300a5ff4ca673893d', '3094-1819584', '17'),
(150, '5c169c0c78f7979b957d9152b796cc07', '3094-1819586', '17'),
(151, 'dece102325492e1eabef2d4149431815', '3094-1819590', '17'),
(152, 'f190b58bdefd02e94056a973280891b3', '3094-1819591', '17'),
(153, '6ac891d18e3a8b6601e0e7c2afa3036a', '3094-1819593', '17'),
(154, '5b5a833f166ba8364f8a4597197587de', '3094-1819598', '17'),
(155, '917d8bd9df012cb42ab5860968a83266', '3094-1819599', '17'),
(156, 'c6aead17b3a80e5ca8c47901bd6d561f', '3094-1819607', '17'),
(157, '20bc700a7d8ce164dd4f14c23d8d93e9', '3094-1819614', '17'),
(158, '7572ef1e942e0208ac3ad1e0b7683f26', '3094-1819615', '17'),
(159, 'a1a9ca8647284cac7a14d13a26aa3183', '3094-1819617', '17'),
(160, '7dfd5eb394c81fa35fc331a6ed44b750', '3094-1819622', '17'),
(161, 'e97d800ef28ec26c56772219cb03ac11', '3094-1819623', '17'),
(162, '52ea1da339cfd81e8d3a3b2eb7438693', '3094-1819624', '17'),
(163, '6a3dfba38ceac6f3c05c130dcfb5fad9', '3094-1819627', '17'),
(164, 'c17a76ee5ff34c7ddc21dd24e1eb3b3c', '3094-1819628', '17'),
(165, '683a4e50d92ca3ff863c5af3b2b615ca', '3094-1819576', '24'),
(166, 'b123b2aa90e6aea75b20e608ca28b206', '3094-1819577', '24'),
(167, 'ca4ebe669073b14bf8e431a65c60f4f5', '3094-1819580', '24'),
(168, 'c8a485ad53935977e33223713bac4f4d', '3094-1819583', '24'),
(169, 'ba8eced257967b28cf9163d60dc63dd1', '3094-1819589', '24'),
(170, '0c24e53a17ec2ac1edab00f3bdbfccfd', '3094-1819592', '24'),
(171, '24dc9dddf534bba9acf44de62c272da8', '3094-1819594', '24'),
(172, 'b305bc65c125337033e25f6837440b49', '3094-1819602', '24'),
(173, '6bfb668ec8a337983907b6c0d210f64d', '3094-1819605', '24'),
(174, '7df7a1b8410042edadd4adcef4c66697', '3094-1819608', '24'),
(175, '0e0477e150165084d4972ecbaf355209', '3094-1819609', '24'),
(176, 'd48e95df5a0bcfa14593a375a833f778', '3094-1819610', '24'),
(177, 'ca4be2570157761af5ac97c0af062062', '3094-1819612', '24'),
(178, '22d9b160a0765483cc4cc60032be91dd', '3094-1819618', '24'),
(179, '0ccb09832316a1038bfe5e88dc7b5a85', '3094-1819619', '24'),
(180, '72c8034e710aed31574c391c3a12f652', '3094-1819620', '24'),
(181, '4cff646887c5ab8cebbc5a2858758e21', '3094-1819625', '24'),
(182, '2d5025602fb18956760686ffd703820b', '3094-1819626', '24'),
(183, 'ab712ad96b53156453cef3e8d3284145', '3094-1819581', '24'),
(184, 'a167b61387d13b292fd2e125f488f41e', '3094-1819582', '24'),
(185, '0cd83aed193190c592e01908c56048d1', '3094-1819585', '24'),
(186, '1aa39c807107d6e88202f83952cb4c79', '3094-1819587', '24'),
(187, '618dd92c45569cdc82981771718cdecd', '3094-1819588', '24'),
(188, 'f2e7bc99594cda3fd5a1787f50f0172b', '3094-1819595', '24'),
(189, 'ee333df73c0024878a61800dd90fb8fb', '3094-1819596', '24'),
(190, 'dd109d7b742d2ce52275da27a71940d0', '3094-1819597', '24'),
(191, '1d47b97db38b6b69c8200591ca5e9357', '3094-1819600', '24'),
(192, '99f2d2c044a40d5d7dd9f3ba5283ee03', '3094-1819601', '24'),
(193, 'a32badce8515c5b9111a3d97a4e3de21', '3094-1819603', '24'),
(194, 'f5957a5a22ceb58d3adf8fc409ec4877', '3094-1819604', '24'),
(195, 'bf879826008e548f771237ae14357a70', '3094-1819606', '24'),
(196, '90b765e316952f7108fe4538232973fd', '3094-1819611', '24'),
(197, '7a357ed438af5d38a3974cc588bd57f1', '3094-1819613', '24'),
(198, '0e7236b92704534034a20800e2b2d29a', '3094-1819616', '24'),
(199, '1a2814b83ab2688179d54e3bcada1308', '3094-1819621', '24'),
(200, '90eb4eee69fae5bee265022abd9c6f4d', '3094-1819578', '24'),
(201, '25289392d6b3c44c9eea89fabe1dbfba', '3094-1819579', '24'),
(202, 'de3130f8467dd64300a5ff4ca673893d', '3094-1819584', '24'),
(203, '5c169c0c78f7979b957d9152b796cc07', '3094-1819586', '24'),
(204, 'dece102325492e1eabef2d4149431815', '3094-1819590', '24'),
(205, 'f190b58bdefd02e94056a973280891b3', '3094-1819591', '24'),
(206, '6ac891d18e3a8b6601e0e7c2afa3036a', '3094-1819593', '24'),
(207, '5b5a833f166ba8364f8a4597197587de', '3094-1819598', '24'),
(208, '917d8bd9df012cb42ab5860968a83266', '3094-1819599', '24'),
(209, 'c6aead17b3a80e5ca8c47901bd6d561f', '3094-1819607', '24'),
(210, '20bc700a7d8ce164dd4f14c23d8d93e9', '3094-1819614', '24'),
(211, '7572ef1e942e0208ac3ad1e0b7683f26', '3094-1819615', '24'),
(212, 'a1a9ca8647284cac7a14d13a26aa3183', '3094-1819617', '24'),
(213, '7dfd5eb394c81fa35fc331a6ed44b750', '3094-1819622', '24'),
(214, 'e97d800ef28ec26c56772219cb03ac11', '3094-1819623', '24'),
(215, '52ea1da339cfd81e8d3a3b2eb7438693', '3094-1819624', '24'),
(216, '6a3dfba38ceac6f3c05c130dcfb5fad9', '3094-1819627', '24'),
(217, 'c17a76ee5ff34c7ddc21dd24e1eb3b3c', '3094-1819628', '24'),
(218, '683a4e50d92ca3ff863c5af3b2b615ca', '3094-1819576', '31'),
(219, 'b123b2aa90e6aea75b20e608ca28b206', '3094-1819577', '31'),
(220, 'ca4ebe669073b14bf8e431a65c60f4f5', '3094-1819580', '31'),
(221, 'c8a485ad53935977e33223713bac4f4d', '3094-1819583', '31'),
(222, 'ba8eced257967b28cf9163d60dc63dd1', '3094-1819589', '31'),
(223, '0c24e53a17ec2ac1edab00f3bdbfccfd', '3094-1819592', '31'),
(224, '24dc9dddf534bba9acf44de62c272da8', '3094-1819594', '31'),
(225, 'b305bc65c125337033e25f6837440b49', '3094-1819602', '31'),
(226, '6bfb668ec8a337983907b6c0d210f64d', '3094-1819605', '31'),
(227, '7df7a1b8410042edadd4adcef4c66697', '3094-1819608', '31'),
(228, '0e0477e150165084d4972ecbaf355209', '3094-1819609', '31'),
(229, 'd48e95df5a0bcfa14593a375a833f778', '3094-1819610', '31'),
(230, 'ca4be2570157761af5ac97c0af062062', '3094-1819612', '31'),
(231, '22d9b160a0765483cc4cc60032be91dd', '3094-1819618', '31'),
(232, '0ccb09832316a1038bfe5e88dc7b5a85', '3094-1819619', '31'),
(233, '72c8034e710aed31574c391c3a12f652', '3094-1819620', '31'),
(234, '4cff646887c5ab8cebbc5a2858758e21', '3094-1819625', '31'),
(235, '2d5025602fb18956760686ffd703820b', '3094-1819626', '31'),
(236, 'ab712ad96b53156453cef3e8d3284145', '3094-1819581', '31'),
(237, 'a167b61387d13b292fd2e125f488f41e', '3094-1819582', '31'),
(238, '0cd83aed193190c592e01908c56048d1', '3094-1819585', '31'),
(239, '1aa39c807107d6e88202f83952cb4c79', '3094-1819587', '31'),
(240, '618dd92c45569cdc82981771718cdecd', '3094-1819588', '31'),
(241, 'f2e7bc99594cda3fd5a1787f50f0172b', '3094-1819595', '31'),
(242, 'ee333df73c0024878a61800dd90fb8fb', '3094-1819596', '31'),
(243, 'dd109d7b742d2ce52275da27a71940d0', '3094-1819597', '31'),
(244, '1d47b97db38b6b69c8200591ca5e9357', '3094-1819600', '31'),
(245, '99f2d2c044a40d5d7dd9f3ba5283ee03', '3094-1819601', '31'),
(246, 'a32badce8515c5b9111a3d97a4e3de21', '3094-1819603', '31'),
(247, 'f5957a5a22ceb58d3adf8fc409ec4877', '3094-1819604', '31'),
(248, 'bf879826008e548f771237ae14357a70', '3094-1819606', '31'),
(249, '90b765e316952f7108fe4538232973fd', '3094-1819611', '31'),
(250, '7a357ed438af5d38a3974cc588bd57f1', '3094-1819613', '31'),
(251, '0e7236b92704534034a20800e2b2d29a', '3094-1819616', '31'),
(252, '1a2814b83ab2688179d54e3bcada1308', '3094-1819621', '31'),
(253, '90eb4eee69fae5bee265022abd9c6f4d', '3094-1819578', '31'),
(254, '25289392d6b3c44c9eea89fabe1dbfba', '3094-1819579', '31'),
(255, 'de3130f8467dd64300a5ff4ca673893d', '3094-1819584', '31'),
(256, '5c169c0c78f7979b957d9152b796cc07', '3094-1819586', '31'),
(257, 'dece102325492e1eabef2d4149431815', '3094-1819590', '31'),
(258, 'f190b58bdefd02e94056a973280891b3', '3094-1819591', '31'),
(259, '6ac891d18e3a8b6601e0e7c2afa3036a', '3094-1819593', '31'),
(260, '5b5a833f166ba8364f8a4597197587de', '3094-1819598', '31'),
(261, '917d8bd9df012cb42ab5860968a83266', '3094-1819599', '31'),
(262, 'c6aead17b3a80e5ca8c47901bd6d561f', '3094-1819607', '31'),
(263, '20bc700a7d8ce164dd4f14c23d8d93e9', '3094-1819614', '31'),
(264, '7572ef1e942e0208ac3ad1e0b7683f26', '3094-1819615', '31'),
(265, 'a1a9ca8647284cac7a14d13a26aa3183', '3094-1819617', '31'),
(266, '7dfd5eb394c81fa35fc331a6ed44b750', '3094-1819622', '31'),
(267, 'e97d800ef28ec26c56772219cb03ac11', '3094-1819623', '31'),
(268, '52ea1da339cfd81e8d3a3b2eb7438693', '3094-1819624', '31'),
(269, '6a3dfba38ceac6f3c05c130dcfb5fad9', '3094-1819627', '31'),
(270, 'c17a76ee5ff34c7ddc21dd24e1eb3b3c', '3094-1819628', '31'),
(271, '683a4e50d92ca3ff863c5af3b2b615ca', '3094-1819576', '38'),
(272, 'b123b2aa90e6aea75b20e608ca28b206', '3094-1819577', '38'),
(273, 'ca4ebe669073b14bf8e431a65c60f4f5', '3094-1819580', '38'),
(274, 'c8a485ad53935977e33223713bac4f4d', '3094-1819583', '38'),
(275, 'ba8eced257967b28cf9163d60dc63dd1', '3094-1819589', '38'),
(276, '0c24e53a17ec2ac1edab00f3bdbfccfd', '3094-1819592', '38'),
(277, '24dc9dddf534bba9acf44de62c272da8', '3094-1819594', '38'),
(278, 'b305bc65c125337033e25f6837440b49', '3094-1819602', '38'),
(279, '6bfb668ec8a337983907b6c0d210f64d', '3094-1819605', '38'),
(280, '7df7a1b8410042edadd4adcef4c66697', '3094-1819608', '38'),
(281, '0e0477e150165084d4972ecbaf355209', '3094-1819609', '38'),
(282, 'd48e95df5a0bcfa14593a375a833f778', '3094-1819610', '38'),
(283, 'ca4be2570157761af5ac97c0af062062', '3094-1819612', '38'),
(284, '22d9b160a0765483cc4cc60032be91dd', '3094-1819618', '38'),
(285, '0ccb09832316a1038bfe5e88dc7b5a85', '3094-1819619', '38'),
(286, '72c8034e710aed31574c391c3a12f652', '3094-1819620', '38'),
(287, '4cff646887c5ab8cebbc5a2858758e21', '3094-1819625', '38'),
(288, '2d5025602fb18956760686ffd703820b', '3094-1819626', '38'),
(289, 'ab712ad96b53156453cef3e8d3284145', '3094-1819581', '38'),
(290, 'a167b61387d13b292fd2e125f488f41e', '3094-1819582', '38'),
(291, '0cd83aed193190c592e01908c56048d1', '3094-1819585', '38'),
(292, '1aa39c807107d6e88202f83952cb4c79', '3094-1819587', '38'),
(293, '618dd92c45569cdc82981771718cdecd', '3094-1819588', '38'),
(294, 'f2e7bc99594cda3fd5a1787f50f0172b', '3094-1819595', '38'),
(295, 'ee333df73c0024878a61800dd90fb8fb', '3094-1819596', '38'),
(296, 'dd109d7b742d2ce52275da27a71940d0', '3094-1819597', '38'),
(297, '1d47b97db38b6b69c8200591ca5e9357', '3094-1819600', '38'),
(298, '99f2d2c044a40d5d7dd9f3ba5283ee03', '3094-1819601', '38'),
(299, 'a32badce8515c5b9111a3d97a4e3de21', '3094-1819603', '38'),
(300, 'f5957a5a22ceb58d3adf8fc409ec4877', '3094-1819604', '38'),
(301, 'bf879826008e548f771237ae14357a70', '3094-1819606', '38'),
(302, '90b765e316952f7108fe4538232973fd', '3094-1819611', '38'),
(303, '7a357ed438af5d38a3974cc588bd57f1', '3094-1819613', '38'),
(304, '0e7236b92704534034a20800e2b2d29a', '3094-1819616', '38'),
(305, '1a2814b83ab2688179d54e3bcada1308', '3094-1819621', '38'),
(306, '90eb4eee69fae5bee265022abd9c6f4d', '3094-1819578', '38'),
(307, '25289392d6b3c44c9eea89fabe1dbfba', '3094-1819579', '38'),
(308, 'de3130f8467dd64300a5ff4ca673893d', '3094-1819584', '38'),
(309, '5c169c0c78f7979b957d9152b796cc07', '3094-1819586', '38'),
(310, 'dece102325492e1eabef2d4149431815', '3094-1819590', '38'),
(311, 'f190b58bdefd02e94056a973280891b3', '3094-1819591', '38'),
(312, '6ac891d18e3a8b6601e0e7c2afa3036a', '3094-1819593', '38'),
(313, '5b5a833f166ba8364f8a4597197587de', '3094-1819598', '38'),
(314, '917d8bd9df012cb42ab5860968a83266', '3094-1819599', '38'),
(315, 'c6aead17b3a80e5ca8c47901bd6d561f', '3094-1819607', '38'),
(316, '20bc700a7d8ce164dd4f14c23d8d93e9', '3094-1819614', '38'),
(317, '7572ef1e942e0208ac3ad1e0b7683f26', '3094-1819615', '38'),
(318, 'a1a9ca8647284cac7a14d13a26aa3183', '3094-1819617', '38'),
(319, '7dfd5eb394c81fa35fc331a6ed44b750', '3094-1819622', '38'),
(320, 'e97d800ef28ec26c56772219cb03ac11', '3094-1819623', '38'),
(321, '52ea1da339cfd81e8d3a3b2eb7438693', '3094-1819624', '38'),
(322, '6a3dfba38ceac6f3c05c130dcfb5fad9', '3094-1819627', '38'),
(323, 'c17a76ee5ff34c7ddc21dd24e1eb3b3c', '3094-1819628', '38'),
(324, '683a4e50d92ca3ff863c5af3b2b615ca', '3094-1819576', '14'),
(325, 'b123b2aa90e6aea75b20e608ca28b206', '3094-1819577', '14'),
(326, 'ca4ebe669073b14bf8e431a65c60f4f5', '3094-1819580', '14'),
(327, 'c8a485ad53935977e33223713bac4f4d', '3094-1819583', '14'),
(328, 'ba8eced257967b28cf9163d60dc63dd1', '3094-1819589', '14'),
(329, '0c24e53a17ec2ac1edab00f3bdbfccfd', '3094-1819592', '14'),
(330, '24dc9dddf534bba9acf44de62c272da8', '3094-1819594', '14'),
(331, 'b305bc65c125337033e25f6837440b49', '3094-1819602', '14'),
(332, '6bfb668ec8a337983907b6c0d210f64d', '3094-1819605', '14'),
(333, '7df7a1b8410042edadd4adcef4c66697', '3094-1819608', '14'),
(334, '0e0477e150165084d4972ecbaf355209', '3094-1819609', '14'),
(335, 'd48e95df5a0bcfa14593a375a833f778', '3094-1819610', '14'),
(336, 'ca4be2570157761af5ac97c0af062062', '3094-1819612', '14'),
(337, '22d9b160a0765483cc4cc60032be91dd', '3094-1819618', '14'),
(338, '0ccb09832316a1038bfe5e88dc7b5a85', '3094-1819619', '14'),
(339, '72c8034e710aed31574c391c3a12f652', '3094-1819620', '14'),
(340, '4cff646887c5ab8cebbc5a2858758e21', '3094-1819625', '14'),
(341, '2d5025602fb18956760686ffd703820b', '3094-1819626', '14'),
(342, 'ab712ad96b53156453cef3e8d3284145', '3094-1819581', '14'),
(343, 'a167b61387d13b292fd2e125f488f41e', '3094-1819582', '14'),
(344, '0cd83aed193190c592e01908c56048d1', '3094-1819585', '14'),
(345, '1aa39c807107d6e88202f83952cb4c79', '3094-1819587', '14'),
(346, '618dd92c45569cdc82981771718cdecd', '3094-1819588', '14'),
(347, 'f2e7bc99594cda3fd5a1787f50f0172b', '3094-1819595', '14'),
(348, 'ee333df73c0024878a61800dd90fb8fb', '3094-1819596', '14'),
(349, 'dd109d7b742d2ce52275da27a71940d0', '3094-1819597', '14'),
(350, '1d47b97db38b6b69c8200591ca5e9357', '3094-1819600', '14'),
(351, '99f2d2c044a40d5d7dd9f3ba5283ee03', '3094-1819601', '14'),
(352, 'a32badce8515c5b9111a3d97a4e3de21', '3094-1819603', '14'),
(353, 'f5957a5a22ceb58d3adf8fc409ec4877', '3094-1819604', '14'),
(354, 'bf879826008e548f771237ae14357a70', '3094-1819606', '14'),
(355, '90b765e316952f7108fe4538232973fd', '3094-1819611', '14'),
(356, '7a357ed438af5d38a3974cc588bd57f1', '3094-1819613', '14'),
(357, '0e7236b92704534034a20800e2b2d29a', '3094-1819616', '14'),
(358, '1a2814b83ab2688179d54e3bcada1308', '3094-1819621', '14'),
(359, '90eb4eee69fae5bee265022abd9c6f4d', '3094-1819578', '14'),
(360, '25289392d6b3c44c9eea89fabe1dbfba', '3094-1819579', '14'),
(361, 'de3130f8467dd64300a5ff4ca673893d', '3094-1819584', '14'),
(362, '5c169c0c78f7979b957d9152b796cc07', '3094-1819586', '14'),
(363, 'dece102325492e1eabef2d4149431815', '3094-1819590', '14'),
(364, 'f190b58bdefd02e94056a973280891b3', '3094-1819591', '14'),
(365, '6ac891d18e3a8b6601e0e7c2afa3036a', '3094-1819593', '14'),
(366, '5b5a833f166ba8364f8a4597197587de', '3094-1819598', '14'),
(367, '917d8bd9df012cb42ab5860968a83266', '3094-1819599', '14'),
(368, 'c6aead17b3a80e5ca8c47901bd6d561f', '3094-1819607', '14'),
(369, '20bc700a7d8ce164dd4f14c23d8d93e9', '3094-1819614', '14'),
(370, '7572ef1e942e0208ac3ad1e0b7683f26', '3094-1819615', '14'),
(371, 'a1a9ca8647284cac7a14d13a26aa3183', '3094-1819617', '14'),
(372, '7dfd5eb394c81fa35fc331a6ed44b750', '3094-1819622', '14'),
(373, 'e97d800ef28ec26c56772219cb03ac11', '3094-1819623', '14'),
(374, '52ea1da339cfd81e8d3a3b2eb7438693', '3094-1819624', '14'),
(375, '6a3dfba38ceac6f3c05c130dcfb5fad9', '3094-1819627', '14'),
(376, 'c17a76ee5ff34c7ddc21dd24e1eb3b3c', '3094-1819628', '14'),
(377, '683a4e50d92ca3ff863c5af3b2b615ca', '3094-1819576', '21'),
(378, 'b123b2aa90e6aea75b20e608ca28b206', '3094-1819577', '21'),
(379, 'ca4ebe669073b14bf8e431a65c60f4f5', '3094-1819580', '21'),
(380, 'c8a485ad53935977e33223713bac4f4d', '3094-1819583', '21'),
(381, 'ba8eced257967b28cf9163d60dc63dd1', '3094-1819589', '21'),
(382, '0c24e53a17ec2ac1edab00f3bdbfccfd', '3094-1819592', '21'),
(383, '24dc9dddf534bba9acf44de62c272da8', '3094-1819594', '21'),
(384, 'b305bc65c125337033e25f6837440b49', '3094-1819602', '21'),
(385, '6bfb668ec8a337983907b6c0d210f64d', '3094-1819605', '21'),
(386, '7df7a1b8410042edadd4adcef4c66697', '3094-1819608', '21'),
(387, '0e0477e150165084d4972ecbaf355209', '3094-1819609', '21'),
(388, 'd48e95df5a0bcfa14593a375a833f778', '3094-1819610', '21'),
(389, 'ca4be2570157761af5ac97c0af062062', '3094-1819612', '21'),
(390, '22d9b160a0765483cc4cc60032be91dd', '3094-1819618', '21'),
(391, '0ccb09832316a1038bfe5e88dc7b5a85', '3094-1819619', '21'),
(392, '72c8034e710aed31574c391c3a12f652', '3094-1819620', '21'),
(393, '4cff646887c5ab8cebbc5a2858758e21', '3094-1819625', '21'),
(394, '2d5025602fb18956760686ffd703820b', '3094-1819626', '21'),
(395, 'ab712ad96b53156453cef3e8d3284145', '3094-1819581', '21'),
(396, 'a167b61387d13b292fd2e125f488f41e', '3094-1819582', '21'),
(397, '0cd83aed193190c592e01908c56048d1', '3094-1819585', '21'),
(398, '1aa39c807107d6e88202f83952cb4c79', '3094-1819587', '21'),
(399, '618dd92c45569cdc82981771718cdecd', '3094-1819588', '21'),
(400, 'f2e7bc99594cda3fd5a1787f50f0172b', '3094-1819595', '21'),
(401, 'ee333df73c0024878a61800dd90fb8fb', '3094-1819596', '21'),
(402, 'dd109d7b742d2ce52275da27a71940d0', '3094-1819597', '21'),
(403, '1d47b97db38b6b69c8200591ca5e9357', '3094-1819600', '21'),
(404, '99f2d2c044a40d5d7dd9f3ba5283ee03', '3094-1819601', '21'),
(405, 'a32badce8515c5b9111a3d97a4e3de21', '3094-1819603', '21'),
(406, 'f5957a5a22ceb58d3adf8fc409ec4877', '3094-1819604', '21'),
(407, 'bf879826008e548f771237ae14357a70', '3094-1819606', '21'),
(408, '90b765e316952f7108fe4538232973fd', '3094-1819611', '21'),
(409, '7a357ed438af5d38a3974cc588bd57f1', '3094-1819613', '21'),
(410, '0e7236b92704534034a20800e2b2d29a', '3094-1819616', '21'),
(411, '1a2814b83ab2688179d54e3bcada1308', '3094-1819621', '21'),
(412, '90eb4eee69fae5bee265022abd9c6f4d', '3094-1819578', '21'),
(413, '25289392d6b3c44c9eea89fabe1dbfba', '3094-1819579', '21'),
(414, 'de3130f8467dd64300a5ff4ca673893d', '3094-1819584', '21'),
(415, '5c169c0c78f7979b957d9152b796cc07', '3094-1819586', '21'),
(416, 'dece102325492e1eabef2d4149431815', '3094-1819590', '21'),
(417, 'f190b58bdefd02e94056a973280891b3', '3094-1819591', '21'),
(418, '6ac891d18e3a8b6601e0e7c2afa3036a', '3094-1819593', '21'),
(419, '5b5a833f166ba8364f8a4597197587de', '3094-1819598', '21'),
(420, '917d8bd9df012cb42ab5860968a83266', '3094-1819599', '21'),
(421, 'c6aead17b3a80e5ca8c47901bd6d561f', '3094-1819607', '21'),
(422, '20bc700a7d8ce164dd4f14c23d8d93e9', '3094-1819614', '21'),
(423, '7572ef1e942e0208ac3ad1e0b7683f26', '3094-1819615', '21'),
(424, 'a1a9ca8647284cac7a14d13a26aa3183', '3094-1819617', '21'),
(425, '7dfd5eb394c81fa35fc331a6ed44b750', '3094-1819622', '21'),
(426, 'e97d800ef28ec26c56772219cb03ac11', '3094-1819623', '21'),
(427, '52ea1da339cfd81e8d3a3b2eb7438693', '3094-1819624', '21'),
(428, '6a3dfba38ceac6f3c05c130dcfb5fad9', '3094-1819627', '21'),
(429, 'c17a76ee5ff34c7ddc21dd24e1eb3b3c', '3094-1819628', '21');

-- --------------------------------------------------------

--
-- Table structure for table `tugas_siswa`
--

CREATE TABLE `tugas_siswa` (
  `id_tugas` int(11) NOT NULL,
  `id_jurnal` varchar(100) DEFAULT NULL,
  `jenis_tugas` int(11) DEFAULT NULL,
  `deskripsi_tugas` varchar(255) DEFAULT NULL,
  `status` int(11) DEFAULT NULL,
  `created_at` datetime DEFAULT NULL,
  `updated_at` datetime DEFAULT NULL,
  `deleted_at` datetime DEFAULT NULL
) ENGINE=MyISAM DEFAULT CHARSET=latin1;

--
-- Dumping data for table `tugas_siswa`
--

INSERT INTO `tugas_siswa` (`id_tugas`, `id_jurnal`, `jenis_tugas`, `deskripsi_tugas`, `status`, `created_at`, `updated_at`, `deleted_at`) VALUES
(1, '5cc7ab5f61d1e943010080742', 1, '                                                                            ', 0, '2019-04-30 09:23:47', '2019-04-30 09:23:47', NULL);

-- --------------------------------------------------------

--
-- Table structure for table `ujian_siswa`
--

CREATE TABLE `ujian_siswa` (
  `id_ujian` int(11) NOT NULL,
  `id_jurnal` varchar(100) DEFAULT NULL,
  `jenis_ujian` int(11) DEFAULT NULL,
  `deskripsi_ujian` varchar(255) DEFAULT NULL,
  `dilaksanakan_pada` int(11) DEFAULT NULL,
  `status` int(11) DEFAULT NULL,
  `created_at` datetime DEFAULT NULL,
  `updated_at` datetime DEFAULT NULL,
  `deleted_at` datetime DEFAULT NULL
) ENGINE=MyISAM DEFAULT CHARSET=latin1;

--
-- Dumping data for table `ujian_siswa`
--

INSERT INTO `ujian_siswa` (`id_ujian`, `id_jurnal`, `jenis_ujian`, `deskripsi_ujian`, `dilaksanakan_pada`, `status`, `created_at`, `updated_at`, `deleted_at`) VALUES
(1, '5cc7ab5f61d1e943010080742', 3, 'Reporting Direct Speech. (Statements, Questions, Commander)                       ', NULL, 0, '2019-04-30 09:23:47', '2019-04-30 09:23:47', NULL);

-- --------------------------------------------------------

--
-- Table structure for table `users`
--

CREATE TABLE `users` (
  `id` int(9) NOT NULL,
  `name` varchar(255) NOT NULL,
  `google_account` varchar(255) NOT NULL,
  `username` varchar(255) DEFAULT NULL,
  `password` varchar(255) DEFAULT NULL,
  `config` text
) ENGINE=MyISAM DEFAULT CHARSET=utf8;

--
-- Indexes for dumped tables
--

--
-- Indexes for table `absensi_guru`
--
ALTER TABLE `absensi_guru`
  ADD PRIMARY KEY (`id_absensi_guru`);

--
-- Indexes for table `ci_sessions`
--
ALTER TABLE `ci_sessions`
  ADD KEY `ci_sessions_timestamp` (`timestamp`);

--
-- Indexes for table `dashboard_notes`
--
ALTER TABLE `dashboard_notes`
  ADD PRIMARY KEY (`id`);

--
-- Indexes for table `events`
--
ALTER TABLE `events`
  ADD PRIMARY KEY (`id`);

--
-- Indexes for table `jadwal_guru`
--
ALTER TABLE `jadwal_guru`
  ADD PRIMARY KEY (`id_jadwal_guru`);

--
-- Indexes for table `jam_pelajaran`
--
ALTER TABLE `jam_pelajaran`
  ADD PRIMARY KEY (`id_jam_pelajaran`);

--
-- Indexes for table `jurnal_guru_ekstra`
--
ALTER TABLE `jurnal_guru_ekstra`
  ADD PRIMARY KEY (`id_jurnal`);

--
-- Indexes for table `kehadiran`
--
ALTER TABLE `kehadiran`
  ADD PRIMARY KEY (`kehadiran_id`);

--
-- Indexes for table `kelas`
--
ALTER TABLE `kelas`
  ADD PRIMARY KEY (`id_kelas`);

--
-- Indexes for table `kelas_siswa`
--
ALTER TABLE `kelas_siswa`
  ADD PRIMARY KEY (`id_kelas_siswa`);

--
-- Indexes for table `mata_pelajaran`
--
ALTER TABLE `mata_pelajaran`
  ADD PRIMARY KEY (`id_mata_pelajaran`);

--
-- Indexes for table `pengguna`
--
ALTER TABLE `pengguna`
  ADD PRIMARY KEY (`id_pengguna`);

--
-- Indexes for table `role`
--
ALTER TABLE `role`
  ADD PRIMARY KEY (`id_role`);

--
-- Indexes for table `tb_jadwal_masuk`
--
ALTER TABLE `tb_jadwal_masuk`
  ADD PRIMARY KEY (`id_jm`);

--
-- Indexes for table `tb_token`
--
ALTER TABLE `tb_token`
  ADD PRIMARY KEY (`toke_id`);

--
-- Indexes for table `tugas_siswa`
--
ALTER TABLE `tugas_siswa`
  ADD PRIMARY KEY (`id_tugas`);

--
-- Indexes for table `ujian_siswa`
--
ALTER TABLE `ujian_siswa`
  ADD PRIMARY KEY (`id_ujian`);

--
-- Indexes for table `users`
--
ALTER TABLE `users`
  ADD PRIMARY KEY (`id`),
  ADD UNIQUE KEY `google_account` (`google_account`),
  ADD UNIQUE KEY `username` (`username`);

--
-- AUTO_INCREMENT for dumped tables
--

--
-- AUTO_INCREMENT for table `absensi_guru`
--
ALTER TABLE `absensi_guru`
  MODIFY `id_absensi_guru` int(11) NOT NULL AUTO_INCREMENT, AUTO_INCREMENT=468;

--
-- AUTO_INCREMENT for table `dashboard_notes`
--
ALTER TABLE `dashboard_notes`
  MODIFY `id` int(11) NOT NULL AUTO_INCREMENT, AUTO_INCREMENT=2;

--
-- AUTO_INCREMENT for table `events`
--
ALTER TABLE `events`
  MODIFY `id` int(9) NOT NULL AUTO_INCREMENT;

--
-- AUTO_INCREMENT for table `jadwal_guru`
--
ALTER TABLE `jadwal_guru`
  MODIFY `id_jadwal_guru` int(11) NOT NULL AUTO_INCREMENT, AUTO_INCREMENT=135;

--
-- AUTO_INCREMENT for table `jam_pelajaran`
--
ALTER TABLE `jam_pelajaran`
  MODIFY `id_jam_pelajaran` int(11) NOT NULL AUTO_INCREMENT, AUTO_INCREMENT=12;

--
-- AUTO_INCREMENT for table `kehadiran`
--
ALTER TABLE `kehadiran`
  MODIFY `kehadiran_id` int(11) NOT NULL AUTO_INCREMENT, AUTO_INCREMENT=512;

--
-- AUTO_INCREMENT for table `kelas`
--
ALTER TABLE `kelas`
  MODIFY `id_kelas` int(11) NOT NULL AUTO_INCREMENT, AUTO_INCREMENT=5;

--
-- AUTO_INCREMENT for table `kelas_siswa`
--
ALTER TABLE `kelas_siswa`
  MODIFY `id_kelas_siswa` int(11) NOT NULL AUTO_INCREMENT, AUTO_INCREMENT=60;

--
-- AUTO_INCREMENT for table `mata_pelajaran`
--
ALTER TABLE `mata_pelajaran`
  MODIFY `id_mata_pelajaran` int(11) NOT NULL AUTO_INCREMENT, AUTO_INCREMENT=16;

--
-- AUTO_INCREMENT for table `pengguna`
--
ALTER TABLE `pengguna`
  MODIFY `id_pengguna` int(11) NOT NULL AUTO_INCREMENT, AUTO_INCREMENT=1088;

--
-- AUTO_INCREMENT for table `tb_jadwal_masuk`
--
ALTER TABLE `tb_jadwal_masuk`
  MODIFY `id_jm` int(11) NOT NULL AUTO_INCREMENT, AUTO_INCREMENT=3;

--
-- AUTO_INCREMENT for table `tb_token`
--
ALTER TABLE `tb_token`
  MODIFY `toke_id` int(11) NOT NULL AUTO_INCREMENT, AUTO_INCREMENT=430;

--
-- AUTO_INCREMENT for table `tugas_siswa`
--
ALTER TABLE `tugas_siswa`
  MODIFY `id_tugas` int(11) NOT NULL AUTO_INCREMENT, AUTO_INCREMENT=2;

--
-- AUTO_INCREMENT for table `ujian_siswa`
--
ALTER TABLE `ujian_siswa`
  MODIFY `id_ujian` int(11) NOT NULL AUTO_INCREMENT, AUTO_INCREMENT=2;

--
-- AUTO_INCREMENT for table `users`
--
ALTER TABLE `users`
  MODIFY `id` int(9) NOT NULL AUTO_INCREMENT;
COMMIT;

/*!40101 SET CHARACTER_SET_CLIENT=@OLD_CHARACTER_SET_CLIENT */;
/*!40101 SET CHARACTER_SET_RESULTS=@OLD_CHARACTER_SET_RESULTS */;
/*!40101 SET COLLATION_CONNECTION=@OLD_COLLATION_CONNECTION */;
